data;horario;n_da_ocorrencia;tipo_de_ocorrencia;km;trecho;sentido;tipo_de_acidente;caminhao;ilesos;levemente_feridos;moderadamente_feridos;gravemente_feridos;mortos;3
30/09/2014;05:54:00;12;sem vítima;52;BR-153/SP;Norte;Saída de Pista;1;1;;;;;1
30/09/2014;21:09:00;101;com vítima;257,5;BR-153/SP;Norte;Tombamento;1;0;1;;;;1
01/10/2014;11:23:00;100;com vítima;60,9;BR-153/SP;Norte;Colisão Lateral;1;1;;1;;;2
01/10/2014;03:52:00;42;sem vítima;107,05;BR-153/SP;Norte;Atropelamento de Animal;1;2;;;;;1
06/10/2014;00:02:00;1;sem vítima;191;BR-153/SP;Norte;Colisão Traseira;1;4;;;;;1
07/10/2014;17:28:00;89;com vítima;292;BR-153/SP;Sul;Tombamento;1;0;1;;;;1
10/10/2014;18:42:00;116;sem vítima;99;BR-153/SP;Norte;Colisão Lateral;1;2;;;;;1
12/10/2014;04:52:00;8;sem vítima;56;BR-153/SP;Norte;Tombamento;1;1;;;;;1
13/10/2014;12:46:00;91;sem vítima;59,5;BR-153/SP;Norte;Colisão Traseira;1;2;;;;;1
14/10/2014;08:01:00;36;com vítima;58;BR-153/SP;Norte;Colisão Transversal;1;1;1;;;;1
15/10/2014;09:35:00;47;sem vítima;109;BR-153/SP;Norte;Colisão Traseira;2;2;;;;;1
16/10/2014;12:31:00;83;sem vítima;262;BR-153/SP;Norte;Tombamento;1;1;;;;;1
17/10/2014;20:08:00;167;sem vítima;67;BR-153/SP;Sul;Colisão Lateral;1;6;;;;;1
18/10/2014;08:22:00;36;com vítima;41,9;BR-153/SP;Sul;Colisão Transversal;1;1;;;;2;3
18/10/2014;11:54:00;70;sem vítima;276,8;BR-153/SP;Norte;Tombamento;1;1;;;;;1
20/10/2014;10:49:00;56;sem vítima;11,9;BR-153/SP;Sul;Choque contra objeto na faixa de rolamento;2;2;;;;;1
21/10/2014;05:43:00;10;sem vítima;32,9;BR-153/SP;Norte;Atropelamento de Animal;1;1;;;;;1
22/10/2014;19:39:00;140;sem vítima;340;BR-153/SP;Norte;Incêndio;1;1;;;;;1
24/10/2014;16:08:00;86;sem vítima;18;BR-153/SP;Sul;Colisão Transversal;1;2;;;;;1
25/10/2014;20:12:00;127;com vítima;5;BR-153/SP;Norte;Colisão Transversal;1;1;1;1;;1;3
25/10/2014;14:23:00;88;com vítima;71,6;BR-153/SP;Norte;Colisão Transversal;2;4;;2;;;2
25/10/2014;16:09:00;102;sem vítima;183,8;BR-153/SP;Norte;Choque contra Objeto Fixo;1;1;;;;;1
27/10/2014;07:51:00;21;com vítima;75;BR-153/SP;Norte;Tombamento de Moto;1;1;1;;;;1
28/10/2014;06:07:00;21;sem vítima;64;BR-153/SP;Sul;Choque contra objeto na faixa de rolamento;1;3;;;;;1
29/10/2014;08:40:00;35;sem vítima;35;BR-153/SP;Sul;Colisão Transversal;1;4;;;;;1
31/10/2014;02:13:00;3;sem vítima;63;BR-153/SP;Norte;Saída de Pista;1;1;;;;;1
02/11/2014;19:54:00;142;sem vítima;72,5;BR-153/SP;Norte;Colisão Traseira;1;4;;;;;1
02/11/2014;20:55:00;154;sem vítima;72,5;BR-153/SP;Norte;Colisão Lateral;1;5;;;;;1
02/11/2014;07:54:00;35;sem vítima;183,8;BR-153/SP;Norte;Incidente;1;1;;;;;1
03/11/2014;05:42:00;9;sem vítima;27;BR-153/SP;Norte;Choque contra objeto na faixa de rolamento;1;12;;;;;1
03/11/2014;03:46:00;4;com vítima;264,1;BR-153/SP;Norte;Saída de Pista;1;0;2;;;;1
05/11/2014;04:08:00;5;sem vítima;35,5;BR-153/SP;Sul;Choque contra Objeto Fixo;1;1;;;;;1
06/11/2014;14:11:00;97;sem vítima;31,2;BR-153/SP;Norte;Colisão Transversal;1;4;;;;;1
07/11/2014;10:26:00;63;sem vítima;33,5;BR-153/SP;Norte;Colisão Transversal;1;4;;;;;1
07/11/2014;13:21:00;90;sem vítima;35,8;BR-153/SP;Norte;Colisão Traseira;1;2;;;;;1
09/11/2014;16:31:00;79;com vítima;17,9;BR-153/SP;Sul;Tombamento;1;0;1;;;;1
09/11/2014;11:21:00;49;sem vítima;167,7;BR-153/SP;Norte;Colisão Traseira;2;2;;;;;1
11/11/2014;19:05:00;126;com vítima;229;BR-153/SP;Sul;Saída de Pista;1;0;1;;;;1
12/11/2014;15:59:00;75;com vítima;195;BR-153/SP;Norte;Colisão Transversal;1;1;;1;;;2
14/11/2014;16:57:00;113;sem vítima;82;BR-153/SP;Sul;Colisão Lateral;1;3;;;;;1
14/11/2014;15:29:00;103;sem vítima;183,8;BR-153/SP;Sul;Engavetamento;2;4;;;;;1
17/11/2014;12:02:00;57;com vítima;44;BR-153/SP;Norte;Colisão Traseira;1;3;17;1;1;1;3
17/11/2014;08:20:00;32;com vítima;73;BR-153/SP;Norte;Engavetamento;2;12;1;;;;1
17/11/2014;08:49:00;36;com vítima;96;BR-153/SP;Norte;Colisão Traseira;1;2;;1;;;2
18/11/2014;02:06:00;3;sem vítima;330,5;BR-153/SP;Sul;Colisão Lateral;2;2;;;;;1
19/11/2014;15:52:00;77;sem vítima;51,6;BR-153/SP;Sul;Engavetamento;2;3;;;;;1
19/11/2014;16:33:00;81;sem vítima;55;BR-153/SP;Norte;Colisão Traseira;1;5;;;;;1
20/11/2014;19:43:00;115;com vítima;57,5;BR-153/SP;Sul;Colisão Traseira;1;1;;1;;;2
23/11/2014;19:51:00;96;com vítima;174;BR-153/SP;Norte;Colisão Transversal;1;2;1;;;;1
24/11/2014;07:54:00;28;com vítima;72,5;BR-153/SP;Norte;Colisão Transversal;1;1;;1;;;2
25/11/2014;04:47:00;12;sem vítima;98;BR-153/SP;Sul;Colisão Traseira;2;2;;;;;1
25/11/2014;20:34:00;121;sem vítima;333;BR-153/SP;Norte;Saída de Pista;1;1;;;;;1
27/11/2014;16:26:00;139;sem vítima;62;BR-153/SP;Norte;Saída de Pista;1;1;;;;;1
27/11/2014;11:49:00;102;com vítima;97;BR-153/SP;Norte;Tombamento;1;3;1;1;;;2
28/11/2014;15:27:00;91;com vítima;19,05;BR-153/SP;Sul;Colisão Lateral;1;4;1;;;;1
28/11/2014;07:05:00;13;com vítima;274,2;BR-153/SP;Norte;Tombamento;1;1;1;;;;1
30/11/2014;17:11:00;80;sem vítima;0;BR-153/SP;Sul;Colisão Traseira;1;3;;;;;1
01/12/2014;17:16:00;136;sem vítima;98;BR-153/SP;Norte;Choque contra Objeto Fixo;1;1;;;;;1
01/12/2014;02:05:00;12;sem vítima;114,7;BR-153/SP;Sul;Colisão Lateral;1;4;;;;;1
03/12/2014;19:03:00;139;com vítima;256,5;BR-153/SP;Sul;Colisão Transversal;1;1;1;;;;1
04/12/2014;22:47:00;158;com vítima;342;BR-153/SP;Norte;Colisão Frontal;1;2;1;;;;1
05/12/2014;16:33:00;93;sem vítima;98;BR-153/SP;Norte;Colisão Traseira;2;2;;;;;1
05/12/2014;17:31:00;100;com vítima;128;BR-153/SP;Sul;Colisão Lateral;1;1;;1;;;2
06/12/2014;01:17:00;3;sem vítima;60;BR-153/SP;Norte;Colisão Lateral;1;2;;;;;1
06/12/2014;20:27:00;107;com vítima;95,8;BR-153/SP;Norte;Colisão Transversal;2;2;;;;1;3
09/12/2014;11:33:00;76;com vítima;75;BR-153/SP;Sul;Colisão Transversal;1;1;2;;;;1
10/12/2014;14:46:00;79;sem vítima;35,8;BR-153/SP;Norte;Colisão Traseira;1;5;;;;;1
10/12/2014;10:46:00;55;sem vítima;46;BR-153/SP;Norte;Colisão Traseira;2;2;;;;;1
10/12/2014;22:10:00;135;sem vítima;342;BR-153/SP;Norte;Colisão Traseira;1;2;;;;;1
11/12/2014;23:32:00;161;com vítima;2;BR-153/SP;Sul;Colisão Traseira;1;1;2;;;;1
11/12/2014;23:55:00;162;sem vítima;10;BR-153/SP;Norte;Colisão Lateral;1;6;;;;;1
11/12/2014;17:13:00;114;com vítima;62;BR-153/SP;Norte;Engavetamento;3;4;2;;;;1
12/12/2014;01:14:00;4;sem vítima;263;BR-153/SP;Norte;Colisão Lateral;2;2;;;;;1
13/12/2014;01:58:00;10;com vítima;64;BR-153/SP;Sul;Saída de Pista;1;0;1;;;;1
13/12/2014;09:46:00;34;sem vítima;170,3;BR-153/SP;Sul;Colisão Traseira;1;2;;;;;1
14/12/2014;21:06:00;107;com vítima;124;BR-153/SP;Norte;Colisão Traseira;1;37;1;;;;1
14/12/2014;11:13:00;52;sem vítima;142;BR-153/SP;Norte;Colisão Lateral;1;4;;;;;1
14/12/2014;23:52:00;125;com vítima;161,3;BR-153/SP;Norte;Colisão Lateral;1;1;3;;;;1
16/12/2014;07:01:00;17;com vítima;59;BR-153/SP;Norte;Colisão Transversal;1;1;1;;;;1
16/12/2014;07:56:00;23;sem vítima;71,8;BR-153/SP;Norte;Colisão Traseira;1;4;;;;;1
17/12/2014;00:36:00;3;com vítima;337;BR-153/SP;Norte;Colisão Lateral;1;1;1;;;;1
18/12/2014;23:05:00;125;sem vítima;268,1;BR-153/SP;Sul;Choque na Praça - Submarino;1;1;;;;;1
20/12/2014;14:25:00;92;sem vítima;35,8;BR-153/SP;Sul; INCIDENTE - Choque na Praça - Cancela;2;4;;;;;1
20/12/2014;21:12:00;142;sem vítima;342,6;BR-153/SP;Norte;Colisão Traseira;1;5;;;;;1
21/12/2014;05:33:00;23;com vítima;155;BR-153/SP;Sul;Colisão Transversal;1;1;4;;;1;3
21/12/2014;14:58:00;85;com vítima;257;BR-153/SP;Norte;Colisão Traseira;1;1;3;;;;1
23/12/2014;11:47:00;61;sem vítima;67,7;BR-153/SP;Norte;Colisão Lateral;1;2;;;;;1
26/12/2014;18:28:00;76;com vítima;260,8;BR-153/SP;Norte;Colisão Traseira;1;1;1;;;;1
02/01/2015;21:25:00;96;com vítima;119;BR-153/SP;Sul;Colisão Transversal;1;8;2;4;;2;3
03/01/2015;02:59:00;5;com vítima;62;BR-153/SP;Sul;Colisão Traseira;2;1;1;;;;1
03/01/2015;17:56:00;81;sem vítima;185;BR-153/SP;Norte;Engavetamento;2;5;;;;;1
04/01/2015;17:00:00;82;com vítima;296,6;BR-153/SP;Sul;Colisão Lateral;1;2;3;;;;1
05/01/2015;15:59:00;101;sem vítima;95,8;BR-153/SP;Norte;Colisão Frontal;1;2;;;;;1
07/01/2015;12:03:00;65;sem vítima;255;BR-153/SP;Norte;Colisão Traseira;1;3;;;;;1
10/01/2015;20:13:00;125;com vítima;136,5;BR-153/SP;Norte;Outros;1;0;;1;;;2
11/01/2015;15:24:00;83;sem vítima;281;BR-153/SP;Norte;Colisão Traseira;1;5;;;;;1
14/01/2015;10:03:00;55;sem vítima;63,2;BR-153/SP;Norte;Colisão Traseira;2;2;;;;;1
16/01/2015;19:16:00;137;sem vítima;17,4;BR-153/SP;Sul;Colisão Traseira;1;3;;;;;1
16/01/2015;21:49:00;165;com vítima;52;BR-153/SP;Norte;Colisão Traseira;1;1;1;;;;1
19/01/2015;07:22:00;20;com vítima;52;BR-153/SP;Sul;Colisão Transversal;1;1;;;;1;3
20/01/2015;11:58:00;62;com vítima;207,7;BR-153/SP;Norte;Colisão Traseira;1;4;;;1;;2
22/01/2015;00:46:00;3;com vítima;104;BR-153/SP;Norte;Colisão Traseira;1;36;4;;;;1
23/01/2015;15:13:00;82;sem vítima;35;BR-153/SP;Sul;Colisão Traseira;1;4;;;;;1
24/01/2015;06:40:00;16;com vítima;52;BR-153/SP;Norte;Colisão Traseira;1;2;1;;;;1
24/01/2015;01:09:00;6;sem vítima;62;BR-153/SP;Sul;Colisão Traseira;1;3;;;;;1
26/01/2015;15:25:00;75;com vítima;34;BR-153/SP;Norte;Colisão Traseira;1;3;1;;;;1
27/01/2015;04:16:00;2;sem vítima;31;BR-153/SP;Sul;Saída de Pista;1;1;;;;;1
27/01/2015;04:44:00;3;sem vítima;31;BR-153/SP;Sul;Saída de Pista;1;2;;;;;1
27/01/2015;06:49:00;6;com vítima;59,2;BR-153/SP;Norte;Colisão Traseira;1;1;4;;;;1
27/01/2015;13:02:00;41;sem vítima;64;BR-153/SP;Norte;Colisão Lateral;1;2;;;;;1
30/01/2015;10:08:00;45;sem vítima;98,5;BR-153/SP;Sul;Colisão Traseira;1;2;;;;;1
30/01/2015;16:03:00;87;com vítima;323,5;BR-153/SP;Sul;Colisão Lateral;2;1;;;1;;2
31/01/2015;15:00:00;73;com vítima;136,3;BR-153/SP;Norte;Colisão Frontal;1;1;;;;2;3
04/02/2015;08:40:00;29;sem vítima;61;BR-153/SP;Sul;Engavetamento;1;3;;;;;1
04/02/2015;23:31:00;107;com vítima;213;BR-153/SP;Sul;Colisão Traseira;1;0;2;;;;1
06/02/2015;15:47:00;112;sem vítima;91,9;BR-153/SP;Norte;Colisão Traseira;2;2;;;;;1
08/02/2015;14:14:00;68;com vítima;111;BR-153/SP;Norte;Colisão Traseira;1;2;1;;;;1
10/02/2015;11:58:00;77;sem vítima;51,5;BR-153/SP;Sul;Saída de Pista;1;1;;;;;1
10/02/2015;16:16:00;110;sem vítima;71;BR-153/SP;Norte;Colisão Traseira;1;4;;;;;1
11/02/2015;07:12:00;8;com vítima;62;BR-153/SP;Sul;Engavetamento;1;3;2;1;;;2
12/02/2015;06:40:00;11;com vítima;1;BR-153/SP;Sul;Colisão Traseira;1;1;;2;1;;2
12/02/2015;02:19:00;3;com vítima;109;BR-153/SP;Sul;Colisão Frontal;1;2;;;;1;3
12/02/2015;11:26:00;51;sem vítima;215;BR-153/SP;Norte;Engavetamento;1;3;;;;;1
14/02/2015;06:48:00;8;com vítima;93;BR-153/SP;Norte;Colisão Lateral;1;1;2;;;;1
19/02/2015;08:38:00;36;com vítima;302,5;BR-153/SP;Norte;Colisão Lateral;1;1;1;;;;1
24/02/2015;18:35:00;130;com vítima;201,2;BR-153/SP;Sul;Tombamento;1;0;;1;;;2
25/02/2015;15:45:00;91;sem vítima;61;BR-153/SP;Sul;Colisão Lateral;1;2;;;;;1
26/02/2015;14:38:00;104;sem vítima;342,6;BR-153/SP;Norte;Saída de Pista;1;1;;;;;1
01/03/2015;19:40:00;98;sem vítima;25,2;BR-153/SP;Sul;Colisão Traseira;1;3;;;;;1
02/03/2015;21:10:00;106;com vítima;94,2;BR-153/SP;Sul;Colisão Traseira;2;1;1;;;;1
03/03/2015;05:02:00;5;sem vítima;278,9;BR-153/SP;Norte;Atropelamento de Animal;1;1;;;;;1
03/03/2015;10:37:00;59;com vítima;327,9;BR-153/SP;Sul;Colisão Traseira;1;1;2;;;;1
04/03/2015;19:41:00;133;sem vítima;62,5;BR-153/SP;Norte;Saída de Pista;1;1;;;;;1
09/03/2015;21:24:00;134;sem vítima;98,5;BR-153/SP;Sul;Choque contra Objeto Fixo;1;1;;;;;1
09/03/2015;12:53:00;79;com vítima;99,3;BR-153/SP;Sul;Colisão Transversal;1;3;1;1;;;2
10/03/2015;10:47:00;75;sem vítima;177;BR-153/SP;Norte;Colisão Traseira;2;3;;;;;1
10/03/2015;15:25:00;98;sem vítima;273;BR-153/SP;Norte;Colisão Lateral;2;4;;;;;1
12/03/2015;17:50:00;113;com vítima;30;BR-153/SP;Norte;Colisão Transversal;1;1;;;2;;2
12/03/2015;17:49:00;112;sem vítima;98;BR-153/SP;Sul;Colisão Traseira;1;5;;;;;1
12/03/2015;11:19:00;62;sem vítima;266,7;BR-153/SP;Sul;Saída de Pista;1;1;;;;;1
13/03/2015;06:26:00;11;sem vítima;88,05;BR-153/SP;Norte;Choque contra objeto na faixa de rolamento;1;4;;;;;1
13/03/2015;18:07:00;120;com vítima;164,5;BR-153/SP;Norte;Colisão Lateral;1;1;1;;;;1
14/03/2015;19:11:00;113;com vítima;107;BR-153/SP;Sul;Colisão Transversal;1;1;1;;;;1
14/03/2015;20:43:00;121;com vítima;161;BR-153/SP;Norte;Colisão Lateral;1;1;2;;;;1
14/03/2015;10:57:00;50;sem vítima;274;BR-153/SP;Sul;Colisão Traseira;1;2;;;;;1
17/03/2015;17:35:00;107;sem vítima;58;BR-153/SP;Norte;Colisão Transversal;1;2;;;;;1
18/03/2015;12:36:00;75;com vítima;182,5;BR-153/SP;Sul;Colisão Transversal;1;2;2;;;;1
19/03/2015;18:57:00;114;sem vítima;71;BR-153/SP;Norte;Tombamento;1;1;;;;;1
19/03/2015;11:57:00;62;sem vítima;332,5;BR-153/SP;Norte;Colisão Transversal;1;5;;;;;1
20/03/2015;07:26:00;20;sem vítima;64;BR-153/SP;Sul;Colisão Transversal;1;2;;;;;1
24/03/2015;10:22:00;51;sem vítima;35,8;BR-153/SP;Sul;Colisão Traseira;2;2;;;;;1
27/03/2015;14:59:00;91;com vítima;58;BR-153/SP;Norte;Colisão Transversal;1;1;1;;;;1
27/03/2015;18:25:00;124;sem vítima;257;BR-153/SP;Norte;Colisão Lateral;1;3;;;;;1
27/03/2015;18:03:00;123;sem vítima;268;BR-153/SP;Norte;Colisão Lateral;1;3;;;;;1
29/03/2015;06:07:00;20;sem vítima;44,5;BR-153/SP;Sul;Colisão Traseira;1;2;;;;;1
30/03/2015;14:59:00;79;com vítima;39;BR-153/SP;Norte;Colisão Transversal;1;1;1;;;;1
30/03/2015;13:45:00;68;sem vítima;71,8;BR-153/SP;Norte;Colisão Traseira;1;3;;;;;1
31/03/2015;21:39:00;144;com vítima;163;BR-153/SP;Norte;Colisão Frontal;1;1;;;;1;3
02/04/2015;18:16:00;121;sem vítima;192;BR-153/SP;Sul;Colisão Traseira;1;2;;;;;1
06/04/2015;16:52:00;95;com vítima;52,8;BR-153/SP;Norte;Colisão Frontal;1;1;;;;1;3
07/04/2015;16:06:00;90;com vítima;67;BR-153/SP;Sul;Colisão Frontal;1;1;;1;;1;3
09/04/2015;18:04:00;101;com vítima;22,1;BR-153/SP;Norte;Tombamento;1;0;;1;;;2
09/04/2015;09:25:00;37;sem vítima;112;BR-153/SP;Norte;Colisão Traseira;2;3;;;;;1
10/04/2015;19:44:00;106;com vítima;153;BR-153/SP;Sul;Colisão Traseira;1;1;;4;;1;3
10/04/2015;19:10:00;103;com vítima;154;BR-153/SP;Norte;Colisão Transversal;1;1;;1;;;2
14/04/2015;09:45:00;55;sem vítima;80,5;BR-153/SP;Sul;Colisão Lateral;1;2;;;;;1
14/04/2015;17:06:00;95;sem vítima;82;BR-153/SP;Norte;Saída de Pista;1;2;;;;;1
16/04/2015;20:43:00;128;com vítima;71;BR-153/SP;Sul;Colisão Lateral;1;1;;2;;;2
17/04/2015;12:03:00;56;com vítima;62;BR-153/SP;Norte;Engavetamento;1;3;1;;;;1
17/04/2015;09:10:00;32;sem vítima;72;BR-153/SP;Norte;Colisão Transversal;1;2;;;;;1
18/04/2015;22:39:00;130;com vítima;85;BR-153/SP;Sul;Colisão Frontal;1;2;1;;;;1
20/04/2015;01:24:00;4;com vítima;12,08;BR-153/SP;Sul;Tombamento;1;0;;;;1;3
20/04/2015;19:22:00;99;sem vítima;64,3;BR-153/SP;Sul;Colisão Traseira;1;3;;;;;1
20/04/2015;19:15:00;97;sem vítima;65;BR-153/SP;Sul;Colisão Traseira;1;2;;;;;1
20/04/2015;07:39:00;20;sem vítima;326,2;BR-153/SP;Norte;Colisão Lateral;1;2;;;;;1
22/04/2015;07:06:00;21;com vítima;34,3;BR-153/SP;Sul;Colisão Lateral;1;2;1;;;;1
22/04/2015;08:21:00;29;sem vítima;98,5;BR-153/SP;Norte;Colisão Traseira;1;2;;;;;1
26/04/2015;11:52:00;41;sem vítima;35,8;BR-153/SP;Sul;Colisão Traseira;1;2;;;;;1
26/04/2015;00:20:00;1;sem vítima;60;BR-153/SP;Norte;Colisão Lateral;1;2;;;;;1
02/05/2015;16:57:00;69;sem vítima;57,3;BR-153/SP;Norte;Colisão Lateral;1;2;;;;;1
02/05/2015;00:30:00;1;com vítima;109,7;BR-153/SP;Norte;Saída de Pista;1;0;1;;;;1
06/05/2015;11:00:00;61;com vítima;54,5;BR-153/SP;Norte;Engavetamento;2;3;30;1;1;;2
06/05/2015;14:35:00;82;sem vítima;98;BR-153/SP;Norte;Colisão Traseira;1;5;;;;;1
06/05/2015;17:25:00;115;sem vítima;256;BR-153/SP;Norte;Colisão Lateral;1;2;;;;;1
08/05/2015;18:21:00;110;sem vítima;151;BR-153/SP;Sul;Colisão Lateral;1;4;;;;;1
10/05/2015;19:36:00;119;sem vítima;20;BR-153/SP;Norte;Colisão Traseira;1;2;;;;;1
10/05/2015;17:59:00;108;sem vítima;73;BR-153/SP;Norte;Colisão Lateral;1;4;;;;;1
10/05/2015;08:51:00;29;sem vítima;298;BR-153/SP;Norte;Tombamento;1;1;;;;;1
11/05/2015;09:23:00;38;sem vítima;98,5;BR-153/SP;Norte;Colisão Traseira;2;2;;;;;1
13/05/2015;08:00:00;28;com vítima;97,8;BR-153/SP;Norte;Colisão Traseira;1;1;1;;;;1
14/05/2015;06:46:00;5;sem vítima;20,3;BR-153/SP;Norte;Colisão Traseira;2;2;;;;;1
15/05/2015;13:51:00;68;sem vítima;146;BR-153/SP;Sul;Colisão Transversal;1;5;;;;;1
15/05/2015;09:43:00;33;sem vítima;303;BR-153/SP;Norte;Choque contra veículo no acostamento;2;2;;;;;1
17/05/2015;21:20:00;105;com vítima;168;BR-153/SP;Sul;Colisão Lateral;1;20;;;;1;3
18/05/2015;14:10:00;54;com vítima;263,5;BR-153/SP;Norte;Tombamento;1;0;1;;;;1
18/05/2015;03:26:00;4;sem vítima;278,3;BR-153/SP;Sul;Colisão Traseira;1;2;;;;;1
22/05/2015;21:03:00;120;sem vítima;35,8;BR-153/SP;Sul;Colisão Traseira;1;4;;;;;1
26/05/2015;14:56:00;80;sem vítima;71,5;BR-153/SP;Sul;Colisão Traseira;1;2;;;;;1
26/05/2015;18:24:00;102;sem vítima;255;BR-153/SP;Sul;Colisão Traseira;1;2;;;;;1
27/05/2015;07:46:00;22;com vítima;275,5;BR-153/SP;Norte;Colisão Lateral;2;1;;1;;;2
28/05/2015;11:34:00;45;sem vítima;73,7;BR-153/SP;Sul;Saída de Pista;1;2;;;;;1
03/06/2015;17:46:00;113;sem vítima;58;BR-153/SP;Norte;Colisão Lateral;1;5;;;;;1
05/06/2015;09:21:00;35;sem vítima;55;BR-153/SP;Norte;Colisão Traseira;1;5;;;;;1
05/06/2015;16:46:00;90;sem vítima;65;BR-153/SP;Sul;Choque contra objeto na faixa de rolamento;2;6;;;;;1
05/06/2015;07:12:00;8;sem vítima;132,6;BR-153/SP;Sul;Saída de Pista;1;1;;;;;1
07/06/2015;14:13:00;48;sem vítima;35;BR-153/SP;Sul;Colisão Traseira;1;5;;;;;1
10/06/2015;08:11:00;31;com vítima;183,8;BR-153/SP;Sul;Engavetamento;3;2;;1;;;2
14/06/2015;10:33:00;45;sem vítima;2,5;BR-153/SP;Sul;Colisão Traseira;2;2;;;;;1
15/06/2015;11:20:00;57;sem vítima;61,8;BR-153/SP;Sul;Colisão Lateral;1;2;;;;;1
16/06/2015;14:33:00;66;com vítima;55,4;BR-153/SP;Norte;Engavetamento;2;3;3;;;;1
16/06/2015;01:41:00;4;com vítima;131;BR-153/SP;Norte;Choque contra Objeto Fixo;1;0;1;;;;1
17/06/2015;14:33:00;88;sem vítima;52;BR-153/SP;Norte;Colisão Traseira;2;2;;;;;1
18/06/2015;11:53:00;62;sem vítima;66,5;BR-153/SP;Sul;Saída de Pista;1;1;;;;;1
18/06/2015;05:25:00;10;sem vítima;71,3;BR-153/SP;Sul;Tombamento;1;1;;;;;1
18/06/2015;16:27:00;101;com vítima;290,1;BR-153/SP;Sul;Colisão Frontal;1;1;;;;1;3
24/06/2015;20:17:00;91;com vítima;346;BR-153/SP;Norte;Atropelamento  de Pedestre;1;1;;1;;;2
25/06/2015;07:48:00;27;sem vítima;110;BR-153/SP;Norte;Colisão Lateral;1;2;;;;;1
27/06/2015;14:10:00;73;com vítima;12,8;BR-153/SP;Norte;Engavetamento;4;4;;1;;;2
29/06/2015;23:04:00;141;sem vítima;177,5;BR-153/SP;Norte;Atropelamento de Animal;1;1;;;;;1
01/07/2015;18:27:00;112;sem vítima;78,8;BR-153/SP;Sul;Colisão Lateral;2;2;;;;;1
02/07/2015;21:02:00;103;sem vítima;30;BR-153/SP;Norte;Colisão Traseira;1;2;;;;;1
02/07/2015;19:09:00;97;com vítima;78,9;BR-153/SP;Norte;Atropelamento  de Pedestre;1;1;;;;1;3
03/07/2015;22:18:00;114;com vítima;96;BR-153/SP;Sul;Colisão Transversal;1;1;;1;;;2
04/07/2015;19:17:00;107;sem vítima;35;BR-153/SP;Norte;Colisão Traseira;1;4;;;;;1
05/07/2015;15:27:00;82;sem vítima;30;BR-153/SP;Norte;Colisão Lateral;1;2;;;;;1
06/07/2015;07:39:00;17;sem vítima;77;BR-153/SP;Sul;Engavetamento;1;4;;;;;1
08/07/2015;13:00:00;76;com vítima;41,5;BR-153/SP;Sul;Colisão Lateral;2;22;3;1;;;2
08/07/2015;19:55:00;131;com vítima;209,1;BR-153/SP;Sul;Colisão Traseira;1;1;1;;;;1
09/07/2015;01:10:00;4;com vítima;282,2;BR-153/SP;Sul;Tombamento;1;0;;1;;;2
10/07/2015;13:44:00;75;com vítima;71;BR-153/SP;Norte;Tombamento;1;1;2;;;;1
12/07/2015;10:14:00;43;sem vítima;303,7;BR-153/SP;Norte;Colisão Traseira;3;4;;;;;1
13/07/2015;09:10:00;47;sem vítima;63;BR-153/SP;Sul;Colisão Traseira;3;3;;;;;1
14/07/2015;13:13:00;85;sem vítima;155;BR-153/SP;Sul;Tombamento;1;1;;;;;1
15/07/2015;22:20:00;154;com vítima;63;BR-153/SP;Sul;Colisão Traseira;1;1;1;;;;1
16/07/2015;14:58:00;110;sem vítima;61,5;BR-153/SP;Sul;Engavetamento;1;4;;;;;1
19/07/2015;19:22:00;91;sem vítima;3;BR-153/SP;Sul;Colisão Transversal;1;3;;;;;1
19/07/2015;23:30:00;108;sem vítima;105,8;BR-153/SP;Sul;Atropelamento de Animal;1;1;;;;;1
19/07/2015;19:36:00;92;com vítima;294;BR-153/SP;Norte;Colisão Lateral;1;1;1;;;;1
20/07/2015;09:00:00;46;sem vítima;71;BR-153/SP;Norte;Colisão Transversal;1;3;;;;;1
20/07/2015;14:59:00;115;sem vítima;274;BR-153/SP;Sul;Colisão Lateral;1;3;;;;;1
24/07/2015;16:07:00;113;com vítima;5;BR-153/SP;Sul;Colisão Lateral;2;3;1;;;;1
24/07/2015;15:20:00;105;com vítima;81,3;BR-153/SP;Norte;Colisão Frontal;1;1;;;;1;3
28/07/2015;18:26:00;136;sem vítima;61;BR-153/SP;Norte;Colisão Traseira;2;2;;;;;1
29/07/2015;06:20:00;10;com vítima;115,2;BR-153/SP;Norte;Colisão Traseira;1;2;2;;;;1
30/07/2015;08:57:00;33;com vítima;66;BR-153/SP;Norte;Colisão Traseira;1;36;2;;;;1
30/07/2015;15:27:00;88;sem vítima;98;BR-153/SP;Sul;Colisão Traseira;2;3;;;;;1
31/07/2015;03:08:00;7;sem vítima;36;BR-153/SP;Sul;Colisão Lateral;1;3;;;;;1
02/08/2015;12:54:00;59;sem vítima;18;BR-153/SP;Norte;Colisão Lateral;1;4;;;;;1