data;horario;n_da_ocorrencia;tipo_de_ocorrencia;km;trecho;sentido;tipo_de_acidente;caminhao;ilesos;levemente_feridos;moderadamente_feridos;gravemente_feridos;mortos;3
03/08/2015;16:29:00;108;sem vítima;82;BR-153/SP;Norte;Colisão Traseira;2;2;;;;;1
04/08/2015;16:05:00;102;com vítima;62;BR-153/SP;Sul;Engavetamento;2;5;2;2;;;2
04/08/2015;09:19:00;43;sem vítima;99;BR-153/SP;Norte;Colisão Transversal;1;5;;;;;1
06/08/2015;18:08:00;106;com vítima;114;BR-153/SP;Norte;Saída de Pista;1;1;1;;;;1
07/08/2015;23:32:00;138;com vítima;306;BR-153/SP;Sul;Colisão Frontal;1;1;;1;;;2
10/08/2015;11:40:00;55;sem vítima;61;BR-153/SP;Norte;Colisão Lateral;1;2;;;;;1
12/08/2015;19:31:00;133;sem vítima;111;BR-153/SP;Sul;Atropelamento de Animal;1;1;;;;;1
13/08/2015;20:51:00;161;com vítima;14,7;BR-153/SP;Norte;Saída de Pista;1;0;;;;1;3
15/08/2015;07:39:00;26;sem vítima;98,5;BR-153/SP;Sul;Colisão Traseira;1;2;;;;;1
17/08/2015;10:47:00;71;sem vítima;14;BR-153/SP;Norte;Colisão Traseira;2;2;;;;;1
18/08/2015;14:22:00;91;sem vítima;174;BR-153/SP;Norte;Colisão Traseira;1;3;;;;;1
19/08/2015;14:20:00;89;com vítima;69,3;BR-153/SP;Norte;Colisão Traseira;1;1;1;;;;1
19/08/2015;18:15:00;107;com vítima;155;BR-153/SP;Norte;Colisão Transversal;1;1;;1;;;2
20/08/2015;06:41:00;8;com vítima;177,5;BR-153/SP;Sul;Colisão Lateral;1;1;;;1;;2
20/08/2015;06:34:00;7;sem vítima;268,2;BR-153/SP;Norte;Colisão Transversal;1;2;;;;;1
21/08/2015;22:18:00;164;sem vítima;22,5;BR-153/SP;Sul;Colisão Traseira;2;3;;;;;1
21/08/2015;16:07:00;131;com vítima;207,6;BR-153/SP;Norte;Saída de Pista;1;0;;1;;1;3
23/08/2015;19:10:00;109;sem vítima;117;BR-153/SP;Norte;Atropelamento de Animal;1;1;;;;;1
24/08/2015;22:58:00;149;sem vítima;100;BR-153/SP;Norte;Choque contra Objeto Fixo;1;1;;;;;1
24/08/2015;16:33:00;118;sem vítima;324,5;BR-153/SP;Norte;Saída de Pista;1;1;;;;;1
25/08/2015;10:57:00;70;sem vítima;56;BR-153/SP;Norte;Colisão Lateral;1;3;;;;;1
29/08/2015;19:12:00;100;com vítima;204,1;BR-153/SP;Sul;Colisão Frontal;1;0;;1;1;1;3
30/08/2015;19:35:00;115;sem vítima;51;BR-153/SP;Norte;Colisão Transversal;1;2;;;;;1
31/08/2015;14:15:00;71;sem vítima;121,7;BR-153/SP;Sul;Colisão Lateral;2;2;;;;;1
01/09/2015;08:17:00;28;sem vítima;62;BR-153/SP;Sul;Colisão Traseira;1;6;;;;;1
04/09/2015;19:32:00;143;sem vítima;174;BR-153/SP;Norte;Colisão Transversal;2;4;;;;;1
08/09/2015;13:48:00;73;sem vítima;260;BR-153/SP;Sul;Tombamento;1;1;;;;;1
10/09/2015;06:49:00;15;sem vítima;72,5;BR-153/SP;Norte;Colisão Traseira;1;22;;;;;1
15/09/2015;05:50:00;15;sem vítima;73;BR-153/SP;Sul;Colisão Lateral;1;2;;;;;1
18/09/2015;09:09:00;41;sem vítima;73,7;BR-153/SP;Norte;Saída de Pista;1;1;;;;;1
19/09/2015;16:21:00;84;com vítima;289,2;BR-153/SP;Norte;Tombamento;1;0;;1;;;2
22/09/2015;20:09:00;139;sem vítima;211;BR-153/SP;Sul;Colisão Lateral;1;2;;;;;1
23/09/2015;06:49:00;23;com vítima;71,7;BR-153/SP;Sul;Colisão Lateral;1;4;1;;;;1
24/09/2015;05:49:00;10;com vítima;99;BR-153/SP;Norte;Tombamento;1;0;1;;;;1
25/09/2015;16:38:00;96;com vítima;52,7;BR-153/SP;Sul;Colisão Frontal;1;1;1;;;;1
26/09/2015;13:02:00;82;com vítima;67,1;BR-153/SP;Sul;Colisão Lateral;2;2;1;;;;1
27/09/2015;17:41:00;101;sem vítima;183,8;BR-153/SP;Norte;Choque na Praça - Cabine;1;2;;;;;1
27/09/2015;05:47:00;22;sem vítima;284,9;BR-153/SP;Norte;Colisão Traseira;1;3;;;;;1
28/09/2015;17:04:00;108;com vítima;72;BR-153/SP;Norte;Colisão Transversal;1;1;;1;;;2
29/09/2015;08:00:00;31;sem vítima;41;BR-153/SP;Sul;Choque contra objeto na faixa de rolamento;2;3;;;;;1
01/10/2015;10:36:00;62;com vítima;65,8;BR-153/SP;Sul;Engavetamento;2;6;1;;;;1
02/10/2015;12:09:00;68;sem vítima;120;BR-153/SP;Sul;Colisão Transversal;2;2;;;;;1
03/10/2015;06:33:00;15;com vítima;73;BR-153/SP;Sul;Colisão Transversal;1;1;1;;;;1
07/10/2015;08:35:00;37;sem vítima;49;BR-153/SP;Norte;Saída de Pista;1;1;;;;;1
07/10/2015;14:16:00;91;com vítima;120;BR-153/SP;Sul;Colisão Transversal;1;1;1;;;;1
10/10/2015;05:11:00;12;com vítima;77;BR-153/SP;Norte;Colisão Frontal;1;2;;1;;;2
12/10/2015;21:11:00;140;com vítima;331,1;BR-153/SP;Norte;Colisão Traseira;1;3;;;;1;3
13/10/2015;23:37:00;142;com vítima;94;BR-153/SP;Norte;Colisão Transversal;1;4;1;;;;1
13/10/2015;10:49:00;57;sem vítima;98;BR-153/SP;Norte;Colisão Traseira;1;2;;;;;1
13/10/2015;12:15:00;67;sem vítima;280;BR-153/SP;Sul;Colisão Transversal;1;2;;;;;1
14/10/2015;05:41:00;10;sem vítima;98;BR-153/SP;Sul;Tombamento;1;1;;;;;1
15/10/2015;12:03:00;53;com vítima;169;BR-153/SP;Sul;Colisão Transversal;1;1;1;1;;;2
16/10/2015;07:26:00;24;sem vítima;64,4;BR-153/SP;Norte;Colisão Lateral;1;2;;;;;1
17/10/2015;13:34:00;78;sem vítima;285,3;BR-153/SP;Norte;Tombamento;1;1;;;;;1
19/10/2015;22:39:00;146;com vítima;72,5;BR-153/SP;Norte;Colisão Transversal;1;1;;;1;;2
20/10/2015;08:06:00;29;sem vítima;99;BR-153/SP;Norte;Tombamento;1;1;;;;;1
24/10/2015;21:20:00;144;sem vítima;61;BR-153/SP;Norte;Colisão Lateral;1;3;;;;;1
24/10/2015;01:05:00;4;sem vítima;64;BR-153/SP;Norte;Colisão Lateral;2;2;;;;;1
30/10/2015;06:08:00;17;com vítima;92,8;BR-153/SP;Sul;Colisão Lateral;4;4;;1;;;2
01/11/2015;01:00:00;8;com vítima;115,7;BR-153/SP;Sul;Colisão Frontal;1;2;2;1;2;1;3
02/11/2015;21:28:00;126;sem vítima;124;BR-153/SP;Norte;Choque contra objeto na faixa de rolamento;1;1;;;;;1
03/11/2015;08:48:00;28;com vítima;161,2;BR-153/SP;Sul;Colisão Transversal;2;1;2;;1;;2
04/11/2015;09:45:00;38;sem vítima;35,8;BR-153/SP;Norte;Colisão Traseira;1;5;;;;;1
05/11/2015;02:10:00;6;sem vítima;134;BR-153/SP;Norte;Saída de Pista;1;1;;;;;1
08/11/2015;20:58:00;105;sem vítima;302,85;BR-153/SP;Norte;Colisão Traseira;1;2;;;;;1
09/11/2015;00:41:00;1;com vítima;72,3;BR-153/SP;Norte;Colisão Transversal;1;1;;1;;;2
13/11/2015;05:23:00;11;sem vítima;213,9;BR-153/SP;Sul;Saída de Pista;1;1;;;;;1
17/11/2015;01:21:00;4;sem vítima;341;BR-153/SP;Sul;Choque contra objeto na faixa de rolamento;2;3;;;;;1
19/11/2015;16:46:00;94;com vítima;151;BR-153/SP;Norte;Tombamento;1;0;1;;;;1
20/11/2015;17:34:00;102;sem vítima;337;BR-153/SP;Sul;Tombamento;1;1;;;;;1
23/11/2015;23:29:00;116;sem vítima;18;BR-153/SP;Norte;Colisão Transversal;1;7;;;;;1
24/11/2015;08:00:00;22;sem vítima;61;BR-153/SP;Sul;Colisão Lateral;1;2;;;;;1
24/11/2015;11:12:00;58;sem vítima;180,4;BR-153/SP;Norte;Saída de Pista;1;2;;;;;1
25/11/2015;10:01:00;41;sem vítima;62;BR-153/SP;Norte;Saída de Pista;1;1;;;;;1
26/11/2015;18:01:00;133;sem vítima;57;BR-153/SP;Norte;Saída de Pista;1;1;;;;;1
29/11/2015;10:32:00;57;sem vítima;61,4;BR-153/SP;Norte;Saída de Pista;1;3;;;;;1
29/11/2015;14:42:00;85;sem vítima;170,5;BR-153/SP;Sul;Saída de Pista;1;1;;;;;1
02/12/2015;19:38:00;158;com vítima;70;BR-153/SP;Norte;Colisão Lateral;1;1;1;;;;1
02/12/2015;20:56:00;165;sem vítima;273;BR-153/SP;Norte;Saída de Pista;1;1;;;;;1
04/12/2015;01:43:00;8;com vítima;158,7;BR-153/SP;Norte;Colisão Traseira;2;0;1;1;;;2
05/12/2015;21:17:00;147;sem vítima;58;BR-153/SP;Norte;Colisão Transversal;1;2;;;;;1
05/12/2015;18:51:00;124;sem vítima;157;BR-153/SP;Sul;Colisão Lateral;1;2;;;;;1
09/12/2015;06:43:00;12;sem vítima;51,9;BR-153/SP;Sul;Saída de Pista;1;1;;;;;1
09/12/2015;18:25:00;109;sem vítima;104,5;BR-153/SP;Norte;Tombamento;1;2;;;;;1
13/12/2015;13:18:00;60;sem vítima;58;BR-153/SP;Norte;Colisão Transversal;1;3;;;;;1
19/12/2015;21:21:00;141;sem vítima;49;BR-153/SP;Sul;Colisão Lateral;1;5;;;;;1
20/12/2015;00:42:00;3;sem vítima;80;BR-153/SP;Sul;Colisão Traseira;1;3;;;;;1
22/12/2015;05:43:00;17;sem vítima;35,8;BR-153/SP;Sul;Colisão Traseira;1;11;;;;;1
22/12/2015;16:17:00;103;sem vítima;98,5;BR-153/SP;Norte;Engavetamento;1;7;;;;;1
23/12/2015;20:33:00;152;sem vítima;334;BR-153/SP;Sul;Colisão Traseira;1;3;;;;;1
28/12/2015;08:37:00;22;sem vítima;35,7;BR-153/SP;Sul;Saída de Pista;2;2;;;;;1
30/12/2015;18:28:00;107;sem vítima;58;BR-153/SP;Norte;Colisão Transversal;1;4;;;;;1
30/12/2015;13:12:00;64;sem vítima;62;BR-153/SP;Norte;Choque contra Objeto Fixo;1;1;;;;;1
06/01/2011;07:19:00;18;sem vítima;32,70000076293945;BR-153/SP;Sul;Colisão Lateral;1;3;;;;;1
08/01/2011;00:27:00;5;com vítima;0,20000000298023224;BR-153/SP;Norte;Colisão Frontal;1;1;;;;1;3
08/01/2011;02:37:00;11;sem vítima;27,100000381469727;BR-153/SP;Norte;Colisão Lateral;1;1;;;;;1
08/01/2011;10:32:00;50;sem vítima;99,30000305175781;BR-153/SP;Norte;Colisão Transversal;1;2;;;;;1
08/01/2011;11:44:00;54;com vítima;213;BR-153/SP;Norte;Tombamento;1;1;1;;;;1
09/01/2011;14:52:00;78;com vítima;121;BR-153/SP;Norte;Atropelamento  de Pedestre;1;1;;;;1;3
09/01/2011;18:46:00;92;com vítima;183;BR-153/SP;Norte;Engavetamento;1;3;2;;;;1
13/01/2011;09:43:00;35;com vítima;96,0999984741211;BR-153/SP;Norte;Colisão Traseira;1;2;1;;;;1
14/01/2011;09:46:00;36;com vítima;83;BR-153/SP;Sul;Colisão Frontal;1;2;1;;;;1
17/01/2011;06:32:00;12;com vítima;83;BR-153/SP;Norte;Saída de Pista;1;1;2;;;;1
17/01/2011;11:24:00;36;sem vítima;66,5;BR-153/SP;Norte;Colisão Lateral;2;2;;;;;1
18/01/2011;15:31:00;83;sem vítima;58;BR-153/SP;Norte;Colisão Transversal;1;6;;;;;1
19/01/2011;11:21:00;48;com vítima;343;BR-153/SP;Norte;Colisão Lateral;1;1;3;1;;;2
19/01/2011;22:57:00;106;sem vítima;93,80000305175781;BR-153/SP;Norte;Tombamento;1;1;;;;;1
20/01/2011;04:15:00;10;sem vítima;323,5;BR-153/SP;Norte;Saída de Pista;1;1;;;;;1
20/01/2011;06:26:00;14;sem vítima;312,29998779296875;BR-153/SP;Norte;Colisão Lateral;2;2;;;;;1
20/01/2011;14:16:00;66;sem vítima;340,70001220703125;BR-153/SP;Norte;Colisão Lateral;2;2;;;;;1
20/01/2011;18:37:00;92;sem vítima;56;BR-153/SP;Norte;Colisão com Objeto Fixo;1;1;;;;;1
21/01/2011;18:59:00;85;sem vítima;62;BR-153/SP;Norte;Engavetamento;2;3;;;;;1
21/01/2011;23:18:00;107;sem vítima;157;BR-153/SP;Norte;Colisão Transversal;1;2;;;;;1
22/01/2011;08:15:00;29;sem vítima;48,900001525878906;BR-153/SP;Sul;Colisão Traseira;2;2;;;;;1
22/01/2011;11:06:00;44;sem vítima;274,3999938964844;BR-153/SP;Sul;Colisão Lateral;2;2;;;;;1
24/01/2011;15:16:00;76;sem vítima;107;BR-153/SP;Norte;Colisão Transversal;1;2;;;;;1
27/01/2011;05:55:00;16;sem vítima;67;BR-153/SP;Norte;Saída de Pista;1;1;;;;;1
27/01/2011;08:17:00;24;sem vítima;61;BR-153/SP;Norte;Engavetamento;2;7;;;;;1
01/12/2013;21:56:00;125;com vítima;258,7;BR-153/SP;Norte;Colisão Frontal;2;2;1;1;1;;2
02/12/2013;07:52:00;27;com vítima;73,8;BR-153/SP;Norte;Colisão Lateral;1;0;3;;;;1
02/12/2013;19:32:00;122;sem vítima;42;BR-153/SP;Sul;Colisão Traseira;2;2;;;;;1
05/12/2013;10:43:00;68;sem vítima;35;BR-153/SP;Norte;Colisão Lateral;1;2;;;;;1
05/12/2013;15:14:00;101;sem vítima;344;BR-153/SP;Norte;Tombamento;1;2;;;;;1
06/12/2013;07:48:00;32;sem vítima;62;BR-153/SP;Norte;Engavetamento;2;4;;;;;1
06/12/2013;18:02:00;118;sem vítima;73;BR-153/SP;Sul;Colisão Lateral;1;3;;;;;1
07/12/2013;01:10:00;5;com vítima;274,5;BR-153/SP;Norte;Tombamento;1;0;1;2;;;2
07/12/2013;09:14:00;37;sem vítima;323;BR-153/SP;Sul;Colisão Traseira;1;2;;;;;1
08/12/2013;08:55:00;35;com vítima;30;BR-153/SP;Sul;Colisão Lateral;1;3;1;1;;;2
08/12/2013;16:41:00;82;sem vítima;6;BR-153/SP;Norte;Saída de Pista;1;1;;;;;1
10/12/2013;07:02:00;15;sem vítima;26,7;BR-153/SP;Sul;Colisão Frontal;2;3;;;;;1
10/12/2013;10:46:00;46;sem vítima;258,3;BR-153/SP;Sul;Colisão Lateral;1;2;;;;;1
11/12/2013;15:01:00;81;sem vítima;109;BR-153/SP;Norte;Colisão Traseira;1;4;;;;;1
11/12/2013;17:32:00;99;com vítima;64;BR-153/SP;Norte;Colisão Transversal;1;3;1;1;;;2
14/12/2013;08:47:00;39;sem vítima;66;BR-153/SP;Sul;Colisão Transversal;1;2;;;;;1
15/12/2013;05:14:00;13;sem vítima;95;BR-153/SP;Sul;Saída de Pista;1;1;;;;;1
17/12/2013;09:55:00;64;sem vítima;98;BR-153/SP;Norte;Colisão Traseira;1;2;;;;;1
18/12/2013;22:57:00;142;com vítima;72;BR-153/SP;Norte;Colisão Lateral;1;1;1;;;;1
19/12/2013;07:39:00;31;sem vítima;35,8;BR-153/SP;Sul;Colisão Traseira;1;3;;;;;1
19/12/2013;17:29:00;128;sem vítima;3,3;BR-153/SP;Sul;Colisão Traseira;2;2;;;;;1
21/12/2013;02:55:00;8;com vítima;274,3;BR-153/SP;Norte;Tombamento;1;0;1;;;;1
21/12/2013;11:55:00;51;sem vítima;268;BR-153/SP;Norte;Colisão Lateral;1;4;;;;;1
23/12/2013;18:12:00;82;sem vítima;229,1;BR-153/SP;Sul;Colisão Lateral;2;2;;;;;1
27/12/2013;11:17:00;52;sem vítima;93;BR-153/SP;Sul;Colisão Traseira;1;3;;;;;1
30/12/2013;17:09:00;68;sem vítima;65;BR-153/SP;Norte;Colisão Traseira;1;2;;;;;1
30/12/2013;21:28:00;96;com vítima;266,9;BR-153/SP;Sul;Colisão Traseira;2;1;2;;;;1
31/12/2013;10:51:00;40;com vítima;42;BR-153/SP;Norte;Colisão Lateral;1;2;1;;;;1
04/01/2016;00:06:00;1;sem vítima;16;BR-153/SP;Norte;Colisão Traseira;1;2;;;;;1
06/01/2016;13:18:00;77;com vítima;58;BR-153/SP;Norte;Colisão Transversal;1;1;;2;;;2
07/01/2016;16:42:00;95;sem vítima;300;BR-153/SP;Norte;Colisão Traseira;1;2;;;;;1
08/01/2016;22:05:00;124;sem vítima;19;BR-153/SP;Sul;Atropelamento - Animal;1;1;;;;;1
09/01/2016;18:01:00;87;com vítima;18;BR-153/SP;Sul;Colisão Traseira;2;1;;1;;;2
09/01/2016;15:12:00;71;sem vítima;90;BR-153/SP;Sul;Colisão Traseira;1;5;;;;;1
10/01/2016;15:42:00;77;sem vítima;183,8;BR-153/SP;Norte;Choque contra Objeto Fixo;1;1;;;;;1
10/01/2016;17:53:00;90;sem vítima;183,8;BR-153/SP;Norte;Colisão Traseira;1;3;;;;;1
11/01/2016;18:39:00;93;com vítima;72;BR-153/SP;Norte;Colisão Transversal;1;1;;1;1;;2
29/01/2016;15:06:00;64;sem vítima;55;BR-153/SP;Sul;Colisão Lateral;1;4;;;;;1
30/01/2016;14:05:00;56;sem vítima;129;BR-153/SP;Norte;Colisão Lateral;1;6;;;;;1
01/02/2016;20:11:00;128;sem vítima;74;BR-153/SP;Sul;Colisão Lateral;1;4;;;;;1
04/02/2016;17:55:00;101;sem vítima;58;BR-153/SP;Sul;Colisão Lateral;1;4;;;;;1
06/02/2016;00:15:00;1;com vítima;66,5;BR-153/SP;Sul;Colisão Frontal;1;5;;;;1;3
07/02/2016;15:14:00;76;sem vítima;30;BR-153/SP;Norte;Colisão Lateral;1;3;;;;;1
09/02/2016;16:48:00;65;sem vítima;62;BR-153/SP;Sul;Choque contra Objeto Fixo;1;6;;;;;1
12/02/2016;13:57:00;81;com vítima;62,3;BR-153/SP;Sul;Colisão Traseira;1;2;1;;;;1
12/02/2016;17:41:00;115;sem vítima;186;BR-153/SP;Sul;Colisão Lateral;1;2;;;;;1
15/02/2016;11:05:00;59;com vítima;5;BR-153/SP;Norte;Colisão Transversal;1;1;4;1;;;2
17/02/2016;16:37:00;95;sem vítima;55;BR-153/SP;Sul;Engavetamento;1;5;;;;;1
17/02/2016;20:47:00;127;com vítima;87;BR-153/SP;Norte;Colisão Traseira;1;1;1;;;;1
20/02/2016;21:17:00;133;sem vítima;56;BR-153/SP;Norte;Colisão Traseira;1;3;;;;;1
25/02/2016;02:58:00;5;sem vítima;1;BR-153/SP;Norte;Atropelamento - Animal;1;1;;;;;1
25/02/2016;10:39:00;69;com vítima;266,1;BR-153/SP;Norte;Colisão Frontal;2;2;1;1;;;2
25/02/2016;17:04:00;126;sem vítima;268;BR-153/SP;Norte;Colisão Traseira;1;2;;;;;1
26/02/2016;13:48:00;94;com vítima;62;BR-153/SP;Sul;Colisão Traseira;1;6;1;;;;1
27/02/2016;23:53:00;122;com vítima;290;BR-153/SP;Sul;Colisão Traseira;1;2;1;;;;1
28/02/2016;13:44:00;61;sem vítima;64,5;BR-153/SP;Sul;Engavetamento;1;5;;;;;1
02/03/2016;09:58:00;51;sem vítima;63;BR-153/SP;Sul;Engavetamento;1;4;;;;;1
03/03/2016;10:18:00;60;com vítima;44,2;BR-153/SP;Norte;Colisão Transversal;1;1;;;;1;3
04/03/2016;04:02:00;8;com vítima;52,5;BR-153/SP;Sul;Colisão Lateral;1;1;;;;1;3
05/03/2016;14:46:00;76;sem vítima;260;BR-153/SP;Sul;Atropelamento - Animal;1;1;;;;;1
07/03/2016;10:57:00;51;sem vítima;82;BR-153/SP;Norte;Colisão Transversal;1;2;;;;;1
11/03/2016;06:25:00;9;sem vítima;61,9;BR-153/SP;Norte;Saída de Pista;1;1;;;;;1
11/03/2016;15:00:00;95;sem vítima;272,7;BR-153/SP;Norte;Choque contra objeto na faixa de rolamento;1;2;;;;;1
12/03/2016;19:47:00;108;com vítima;45;BR-153/SP;Norte;Colisão Transversal;1;1;;1;;;2
14/03/2016;09:05:00;41;sem vítima;76;BR-153/SP;Norte;Colisão Frontal;1;3;;;;;1
14/03/2016;19:31:00;133;sem vítima;58;BR-153/SP;Norte;Colisão Transversal;1;3;;;;;1
17/03/2016;11:23:00;69;com vítima;310,8;BR-153/SP;Sul;Engavetamento;3;2;1;2;;;2
19/03/2016;01:34:00;5;com vítima;62,5;BR-153/SP;Sul;Colisão Traseira;1;1;1;;;;1
19/03/2016;09:43:00;41;com vítima;289;BR-153/SP;Sul;Colisão Traseira;1;3;1;;;;1
20/03/2016;06:30:00;14;com vítima;104,05;BR-153/SP;Sul;Colisão Traseira;2;2;;1;;;2
22/03/2016;12:16:00;71;sem vítima;60;BR-153/SP;Norte;Colisão Lateral;1;3;;;;;1
23/03/2016;19:19:00;124;com vítima;341;BR-153/SP;Sul;Atropelamento - Pedestre;1;1;;1;;;2
24/03/2016;18:55:00;124;com vítima;172,8;BR-153/SP;Sul;Choque contra Objeto Fixo;1;0;2;;;;1
25/03/2016;14:55:00;54;sem vítima;293,3;BR-153/SP;Sul;Tombamento;1;1;;;;;1
03/04/2016;15:48:00;66;sem vítima;10;BR-153/SP;Norte;Choque contra objeto na faixa de rolamento;1;6;;;;;1
05/04/2016;17:39:00;145;sem vítima;223;BR-153/SP;Sul;Colisão Traseira;2;2;;;;;1
07/04/2016;03:55:00;8;com vítima;66;BR-153/SP;Norte;Colisão Frontal;2;0;2;3;;;2
07/04/2016;08:39:00;36;com vítima;66;BR-153/SP;Sul;Atropelamento - Pedestre;1;1;;;;1;3
08/04/2016;10:32:00;53;sem vítima;83;BR-153/SP;Norte;Colisão Traseira;1;2;;;;;1
15/04/2016;01:54:00;4;com vítima;184;BR-153/SP;Norte;Colisão Lateral;1;1;;1;;;2
15/04/2016;16:00:00;102;sem vítima;62;BR-153/SP;Norte;Engavetamento;1;5;;;;;1
19/04/2016;23:35:00;136;sem vítima;45;BR-153/SP;Norte;Colisão Transversal;1;4;;;;;1
20/04/2016;18:23:00;123;sem vítima;75;BR-153/SP;Norte;Colisão Traseira;1;6;;;;;1
25/04/2016;14:28:00;92;sem vítima;203,7;BR-153/SP;Norte;Colisão Traseira;1;2;;;;;1
26/04/2016;11:32:00;52;com vítima;23;BR-153/SP;Sul;Engavetamento;2;2;1;;;;1
28/04/2016;04:37:00;12;sem vítima;80,7;BR-153/SP;Norte;Atropelamento - Animal;1;2;;;;;1
28/04/2016;07:42:00;32;sem vítima;62;BR-153/SP;Sul;Engavetamento;1;3;;;;;1
29/04/2016;16:17:00;110;sem vítima;107,2;BR-153/SP;Norte;Tombamento;1;1;;;;;1
04/05/2016;20:00:00;107;sem vítima;268,1;BR-153/SP;Norte;Choque na Praça - Cabine;1;1;;;;;1
06/05/2016;08:35:00;25;sem vítima;53;BR-153/SP;Norte;Colisão Transversal;1;2;;;;;1
07/05/2016;08:57:00;32;sem vítima;48,9;BR-153/SP;Norte;Colisão Traseira;1;30;;;;;1
08/05/2016;12:04:00;38;com vítima;226;BR-153/SP;Norte;Colisão Frontal;1;1;;;;1;3
09/05/2016;04:38:00;15;sem vítima;170,4;BR-153/SP;Sul;Colisão Lateral;1;2;;;;;1
10/05/2016;07:37:00;16;sem vítima;56;BR-153/SP;Norte;Colisão Traseira;1;4;;;;;1
10/05/2016;10:51:00;48;sem vítima;120;BR-153/SP;Norte;Colisão Traseira;1;2;;;;;1
13/05/2016;08:24:00;24;sem vítima;71;BR-153/SP;Sul;Colisão Traseira;1;4;;;;;1
19/05/2016;18:20:00;136;com vítima;333,6;BR-153/SP;Sul;Colisão Frontal;1;2;;1;;1;3
20/05/2016;07:47:00;22;com vítima;58,3;BR-153/SP;Norte;Tombamento de Moto;1;1;2;;;;1
20/05/2016;14:00:00;100;sem vítima;87;BR-153/SP;Sul;Saída de Pista;1;2;;;;;1
25/05/2016;17:53:00;120;com vítima;114;BR-153/SP;Norte;Colisão Frontal;1;1;;;1;;2
29/05/2016;09:38:00;14;sem vítima;67,8;BR-153/SP;Norte;Colisão Traseira;1;3;;;;;1
31/05/2016;22:16:00;124;com vítima;57,6;BR-153/SP;Norte;Tombamento;1;0;;1;;;2
01/06/2016;23:23:00;176;com vítima;15;BR-153/SP;Sul;Saída de Pista;1;0;1;;;;1
02/06/2016;07:32:00;10;sem vítima;64;BR-153/SP;Sul;Colisão Traseira;1;3;;;;;1
06/06/2016;19:43:00;117;sem vítima;72;BR-153/SP;Sul;Colisão Transversal;1;3;;;;;1
08/06/2016;18:31:00;124;sem vítima;61;BR-153/SP;Norte;Colisão Lateral;1;2;;;;;1
10/06/2016;13:47:00;82;com vítima;62;BR-153/SP;Sul;Engavetamento;1;3;2;;;;1
11/06/2016;10:41:00;70;com vítima;73;BR-153/SP;Sul;Colisão Traseira;1;1;1;;;;1
12/06/2016;06:31:00;20;sem vítima;294,9;BR-153/SP;Sul;Tombamento;1;1;;;;;1
15/06/2016;07:27:00;31;com vítima;87,5;BR-153/SP;Norte;Colisão Traseira;1;1;;;;1;3
16/06/2016;01:16:00;7;com vítima;63,8;BR-153/SP;Sul;Colisão Traseira;1;1;;1;;;2
17/06/2016;11:28:00;60;sem vítima;121;BR-153/SP;Sul;Colisão Traseira;1;2;;;;;1
17/06/2016;12:31:00;72;com vítima;121,5;BR-153/SP;Sul;Colisão Traseira;1;1;2;;;;1
17/06/2016;18:14:00;113;com vítima;308,4;BR-153/SP;Sul;Saída de Pista;1;0;;1;;;2
18/06/2016;08:32:00;33;sem vítima;176;BR-153/SP;Sul;Colisão Traseira;1;2;;;;;1
22/06/2016;03:59:00;5;com vítima;29,3;BR-153/SP;Sul;Saída de Pista;1;0;;;;1;3
22/06/2016;08:58:00;29;com vítima;58;BR-153/SP;Sul;Colisão Transversal;1;1;1;;;;1
22/06/2016;11:10:00;52;sem vítima;201,4;BR-153/SP;Norte;Colisão Traseira;2;2;;;;;1
22/06/2016;17:07:00;87;com vítima;61,5;BR-153/SP;Norte;Colisão Traseira;1;2;1;;;;1
23/06/2016;02:18:00;7;sem vítima;308,5;BR-153/SP;Sul;Atropelamento - Animal;1;1;;;;;1
24/06/2016;18:37:00;106;sem vítima;55;BR-153/SP;Norte;Colisão Lateral;1;3;;;;;1
26/06/2016;05:03:00;10;sem vítima;217,5;BR-153/SP;Sul;Colisão Lateral;1;2;;;;;1
26/06/2016;14:02:00;59;sem vítima;64;BR-153/SP;Norte;Colisão Lateral;2;2;;;;;1
27/06/2016;06:24:00;4;com vítima;60,2;BR-153/SP;Norte;Colisão Traseira;1;1;1;;;;1
27/06/2016;08:01:00;11;sem vítima;83;BR-153/SP;Norte;Tombamento;1;1;;;;;1
28/06/2016;08:25:00;16;com vítima;61,98;BR-153/SP;Sul;Engavetamento;1;3;1;;;;1
30/06/2016;09:29:00;36;com vítima;338,5;BR-153/SP;Norte;Colisão Traseira;1;1;;1;;;2
01/07/2016;11:21:00;50;sem vítima;108;BR-153/SP;Norte;Colisão Traseira;1;2;;;;;1
01/07/2016;19:37:00;99;com vítima;217;BR-153/SP;Sul;Colisão Traseira;1;1;1;;;;1