data;horario;n_da_ocorrencia;tipo_de_ocorrencia;km;trecho;sentido;tipo_de_acidente;caminhao;ilesos;levemente_feridos;moderadamente_feridos;gravemente_feridos;mortos;3
03/07/2016;05:20:00;7;sem vítima;51;BR-153/SP;Norte;Saída de Pista;1;2;;;;;1
05/07/2016;16:54:00;87;sem vítima;66;BR-153/SP;Norte;Colisão Lateral;1;2;;;;;1
06/07/2016;13:38:00;86;sem vítima;63,2;BR-153/SP;Sul;Colisão Traseira;1;5;;;;;1
06/07/2016;21:27:00;139;sem vítima;339;BR-153/SP;Sul;Colisão Traseira;2;2;;;;;1
11/07/2016;19:01:00;129;sem vítima;18;BR-153/SP;Sul;Colisão Transversal;1;2;;;;;1
12/07/2016;12:49:00;73;sem vítima;64;BR-153/SP;Norte;Colisão Lateral;1;2;;;;;1
12/07/2016;15:37:00;100;com vítima;65,4;BR-153/SP;Norte;Colisão Lateral;2;3;1;;;;1
12/07/2016;15:58:00;101;com vítima;58;BR-153/SP;Norte;Colisão Transversal;1;1;1;;;;1
13/07/2016;09:37:00;29;com vítima;65,7;BR-153/SP;Sul;Colisão Lateral;2;3;1;;;;1
13/07/2016;10:21:00;35;sem vítima;256,8;BR-153/SP;Norte;Colisão Lateral;1;2;;;;;1
13/07/2016;11:05:00;41;com vítima;200;BR-153/SP;Sul;Colisão Lateral;1;1;;2;;;2
13/07/2016;18:02:00;86;com vítima;39;BR-153/SP;Norte;Colisão Transversal;1;3;1;;;;1
14/07/2016;18:48:00;111;com vítima;90,2;BR-153/SP;Sul;Colisão Lateral;1;3;;1;;1;3
15/07/2016;04:29:00;5;com vítima;166,5;BR-153/SP;Norte;Colisão Frontal;1;0;1;;;1;3
15/07/2016;04:53:00;7;com vítima;64;BR-153/SP;Norte;Colisão Lateral;1;2;1;;;;1
15/07/2016;15:26:00;92;sem vítima;111,3;BR-153/SP;Sul;Colisão Lateral;1;2;;;;;1
15/07/2016;16:10:00;99;com vítima;63;BR-153/SP;Sul;Colisão Lateral;1;1;1;;;;1
15/07/2016;18:47:00;125;com vítima;49;BR-153/SP;Norte;Colisão Transversal;1;1;;1;;;2
19/07/2016;17:37:00;92;sem vítima;71;BR-153/SP;Norte;Colisão Transversal;1;2;;;;;1
20/07/2016;10:27:00;50;com vítima;58;BR-153/SP;Norte;Colisão Transversal;1;1;;1;;;2
20/07/2016;17:22:00;103;sem vítima;71;BR-153/SP;Sul;Colisão Lateral;1;2;;;;;1
21/07/2016;03:36:00;7;sem vítima;87,05;BR-153/SP;Norte;Tombamento;1;1;;;;;1
22/07/2016;07:27:00;20;sem vítima;71;BR-153/SP;Sul;Colisão Traseira;2;2;;;;;1
26/07/2016;20:45:00;116;com vítima;107,9;BR-153/SP;Sul;Colisão Transversal;1;2;1;;1;;2
28/07/2016;06:13:00;14;com vítima;302;BR-153/SP;Sul;Colisão Frontal;1;1;1;;;;1
01/08/2016;08:42:00;23;sem vítima;35,7;BR-153/SP;Sul;Colisão Traseira;1;2;;;;;1
03/08/2016;19:04:00;106;sem vítima;64,1;BR-153/SP;Norte;Colisão Lateral;1;2;;;;;1
05/08/2016;21:30:00;134;sem vítima;12;BR-153/SP;Norte;Colisão Lateral;1;2;;;;;1
06/08/2016;06:01:00;14;com vítima;123,9;BR-153/SP;Norte;Tombamento;2;1;1;;;;1
13/08/2016;00:00:00;1;sem vítima;264,3;BR-153/SP;Sul;Choque contra Objeto Fixo;1;1;;;;;1
17/08/2016;16:05:00;78;com vítima;168;BR-153/SP;Norte;Tombamento;1;0;1;;;;1
18/08/2016;14:13:00;80;sem vítima;332,3;BR-153/SP;Sul;Tombamento;1;1;;;;;1
21/08/2016;06:28:00;13;com vítima;275;BR-153/SP;Norte;Tombamento;1;0;;1;;;2
22/08/2016;14:20:00;64;com vítima;58;BR-153/SP;Norte;Colisão Transversal;1;1;1;;;;1
23/08/2016;05:51:00;9;com vítima;155;BR-153/SP;Sul;Colisão Transversal;1;1;1;1;;;2
25/08/2016;11:36:00;62;com vítima;58;BR-153/SP;Sul;Colisão Transversal;1;2;1;;;;1
28/08/2016;05:17:00;8;sem vítima;183,2;BR-153/SP;Norte;Tombamento;1;1;;;;;1
04/09/2016;06:16:00;11;com vítima;58;BR-153/SP;Norte;Colisão Transversal;1;4;2;;;;1
06/09/2016;10:07:00;31;sem vítima;78;BR-153/SP;Sul;Colisão Lateral;2;2;;;;;1
06/09/2016;18:37:00;78;sem vítima;62,5;BR-153/SP;Norte;Engavetamento;1;5;;;;;1
09/09/2016;08:14:00;17;sem vítima;63;BR-153/SP;Sul;Colisão Traseira;2;2;;;;;1
10/09/2016;07:07:00;24;sem vítima;99;BR-153/SP;Sul;Colisão Traseira;2;2;;;;;1
13/09/2016;13:22:00;74;com vítima;72;BR-153/SP;Sul;Colisão Transversal;1;1;2;;;;1
13/09/2016;18:13:00;106;com vítima;179;BR-153/SP;Norte;Colisão Transversal;1;1;1;;;;1
15/09/2016;00:32:00;1;com vítima;273;BR-153/SP;Norte;Saída de Pista;1;1;1;;;;1
16/09/2016;15:49:00;110;sem vítima;266;BR-153/SP;Sul;Colisão Traseira;1;6;;;;;1
21/09/2016;06:38:00;8;com vítima;61;BR-153/SP;Sul;Colisão Lateral;1;1;1;;;;1
21/09/2016;07:38:00;12;com vítima;28;BR-153/SP;Norte;Colisão Lateral;2;1;1;;;;1
21/09/2016;08:48:00;28;sem vítima;70;BR-153/SP;Sul;Colisão Traseira;1;2;;;;;1
21/09/2016;15:33:00;89;sem vítima;99;BR-153/SP;Norte;Colisão Lateral;1;5;;;;;1
23/09/2016;06:28:00;11;com vítima;29,9;BR-153/SP;Sul;Colisão Traseira;1;3;1;;;;1
23/09/2016;14:32:00;82;sem vítima;184,9;BR-153/SP;Norte;Colisão Traseira;1;2;;;;;1
25/09/2016;23:37:00;109;sem vítima;107;BR-153/SP;Sul;Choque contra objeto na faixa de rolamento;2;2;;;;;1
02/10/2016;19:36:00;95;com vítima;0;BR-153/SP;Norte;Saída de Pista;1;0;;1;;;2
04/10/2016;07:17:00;18;sem vítima;52;BR-153/SP;Norte;Colisão Lateral;1;2;;;;;1
05/10/2016;06:34:00;16;com vítima;58;BR-153/SP;Sul;Colisão Transversal;1;1;2;;;;1
06/10/2016;10:18:00;43;sem vítima;13,7;BR-153/SP;Norte;Colisão Lateral;2;3;;;;;1
11/10/2016;19:25:00;110;com vítima;99;BR-153/SP;Norte;Colisão Transversal;2;1;1;1;;;2
12/10/2016;12:05:00;55;sem vítima;25,4;BR-153/SP;Norte;Colisão Transversal;1;2;;;;;1
13/10/2016;15:01:00;67;sem vítima;112,1;BR-153/SP;Norte;Tombamento;1;1;;;;;1
14/10/2016;00:51:00;3;com vítima;2,2;BR-153/SP;Sul;Colisão Traseira;1;2;1;1;;;2
14/10/2016;13:54:00;59;sem vítima;111,5;BR-153/SP;Sul;Saída de Pista;1;1;;;;;1
15/10/2016;06:46:00;7;com vítima;63;BR-153/SP;Norte;Colisão Frontal;1;2;;;1;;2
17/10/2016;07:41:00;23;sem vítima;89,8;BR-153/SP;Sul;Colisão Lateral;2;3;;;;;1
19/10/2016;09:26:00;47;com vítima;71,5;BR-153/SP;Sul;Tombamento de Moto;1;1;;1;;;2
20/10/2016;13:50:00;90;sem vítima;268,1;BR-153/SP;Sul;Colisão Traseira;2;3;;;;;1
20/10/2016;14:24:00;96;sem vítima;64;BR-153/SP;Sul;Colisão Traseira;1;2;;;;;1
21/10/2016;14:19:00;86;com vítima;295;BR-153/SP;Norte;Saída de Pista;1;0;;1;;;2
24/10/2016;18:25:00;94;com vítima;332,5;BR-153/SP;Sul;Colisão Traseira;1;1;1;;;;1
31/10/2016;22:31:00;150;sem vítima;30;BR-153/SP;Sul;Tombamento;1;1;;;;;1
01/11/2016;00:56:00;3;sem vítima;76;BR-153/SP;Sul;Choque contra Objeto Fixo;1;1;;;;;1
05/11/2016;12:04:00;57;com vítima;85;BR-153/SP;Norte;Colisão Transversal;1;3;1;;;;1
08/11/2016;14:49:00;85;com vítima;63,2;BR-153/SP;Norte;Colisão Lateral;1;2;1;;;;1
14/11/2016;22:33:00;104;sem vítima;58;BR-153/SP;Norte;Colisão Transversal;1;2;;;;;1
15/11/2016;04:33:00;5;sem vítima;148,5;BR-153/SP;Sul;Colisão Lateral;2;3;;;;;1
16/11/2016;11:57:00;75;sem vítima;58;BR-153/SP;Sul;Colisão Transversal;1;3;;;;;1
18/11/2016;13:08:00;70;sem vítima;35,8;BR-153/SP;Sul;Colisão Traseira;1;4;;;;;1
22/11/2016;14:09:00;76;sem vítima;72,8;BR-153/SP;Norte;Saída de Pista;1;1;;;;;1
22/11/2016;18:24:00;107;com vítima;108;BR-153/SP;Sul;Engavetamento;1;2;2;;;;1
25/11/2016;09:49:00;68;sem vítima;72,5;BR-153/SP;Norte;Colisão Traseira;1;2;;;;;1
25/11/2016;15:31:00;112;sem vítima;98,5;BR-153/SP;Norte;Colisão Traseira;1;2;;;;;1
25/11/2016;19:18:00;140;com vítima;1;BR-153/SP;Norte;Colisão Lateral;1;1;;;;1;3
25/11/2016;21:03:00;149;sem vítima;182;BR-153/SP;Norte;Colisão Transversal;1;2;;;;;1
27/11/2016;02:14:00;5;com vítima;14,7;BR-153/SP;Norte;Saída de Pista;1;0;;;1;;2
28/11/2016;15:06:00;101;com vítima;62;BR-153/SP;Sul;Engavetamento;2;3;2;;;;1
29/11/2016;22:29:00;138;com vítima;174;BR-153/SP;Sul;Colisão Transversal;1;4;1;;;;1
30/11/2016;21:38:00;125;sem vítima;56;BR-153/SP;Norte;Colisão Lateral;1;3;;;;;1
02/12/2016;17:24:00;114;sem vítima;56;BR-153/SP;Sul;Colisão Lateral;1;3;;;;;1
03/12/2016;14:50:00;64;sem vítima;72,5;BR-153/SP;Norte;Colisão Lateral;1;2;;;;;1
06/12/2016;22:41:00;128;sem vítima;35,8;BR-153/SP;Norte;Colisão Traseira;1;2;;;;;1
12/12/2016;06:14:00;15;sem vítima;59;BR-153/SP;Sul;Colisão Traseira;1;2;;;;;1
14/12/2016;22:29:00;145;sem vítima;82,8;BR-153/SP;Sul;Colisão Traseira;1;2;;;;;1
15/12/2016;02:23:00;8;com vítima;227,3;BR-153/SP;Norte;Tombamento;1;0;1;;;;1
15/12/2016;07:25:00;19;com vítima;285;BR-153/SP;Sul;Tombamento;1;1;1;;;;1
16/12/2016;18:53:00;121;sem vítima;70;BR-153/SP;Sul;Colisão Traseira;1;2;;;;;1
20/12/2016;07:45:00;19;sem vítima;63;BR-153/SP;Sul;Colisão Traseira;1;2;;;;;1
20/12/2016;13:56:00;73;com vítima;98,5;BR-153/SP;Sul;Colisão Traseira;1;1;1;;;;1
27/12/2016;16:59:00;97;com vítima;58;BR-153/SP;Sul;Colisão Transversal;1;1;1;;;;1
28/12/2016;11:32:00;55;com vítima;185,3;BR-153/SP;Sul;Tombamento;1;0;1;;;;1
29/12/2016;08:13:00;21;com vítima;322,7;BR-153/SP;Norte;Colisão Lateral;1;1;1;;;;1
29/12/2016;22:55:00;117;sem vítima;94;BR-153/SP;Norte;Colisão Lateral;1;3;;;;;1
30/12/2016;09:51:00;40;sem vítima;63;BR-153/SP;Sul;Colisão Traseira;2;2;;;;;1
01/01/2017;15:49:00;42;sem vítima;12;BR-153/SP;Norte;Saída de Pista;1;1;;;;;1
05/01/2017;19:24:00;102;sem vítima;96;BR-153/SP;Sul;Colisão Transversal;1;8;;;;;1
06/01/2017;02:57:00;4;com vítima;113,8;BR-153/SP;Norte;Colisão Lateral;1;1;1;;;;1
06/01/2017;22:33:00;133;com vítima;88;BR-153/SP;Norte;Saída de Pista;1;0;1;;;;1
08/01/2017;11:22:00;42;sem vítima;256;BR-153/SP;Norte;Colisão Lateral;1;3;;;;;1
09/01/2017;13:45:00;85;com vítima;41,6;BR-153/SP;Sul;Colisão Traseira;1;1;;1;;;2
11/01/2017;00:24:00;1;sem vítima;163;BR-153/SP;Norte;Saída de Pista;1;1;;;;;1
16/01/2017;11:09:00;42;com vítima;306,98;BR-153/SP;Norte;Tombamento;1;0;1;;;;1
16/01/2017;13:54:00;61;sem vítima;341;BR-153/SP;Sul;Tombamento;1;2;;;;;1
16/01/2017;14:20:00;63;sem vítima;278,5;BR-153/SP;Norte;Tombamento;1;2;;;;;1
16/01/2017;16:43:00;79;sem vítima;72,3;BR-153/SP;Norte;Colisão Lateral;1;2;;;;;1
18/01/2017;10:27:00;46;sem vítima;76,1;BR-153/SP;Sul;Colisão Lateral;1;3;;;;;1
19/01/2017;21:42:00;111;sem vítima;47,1;BR-153/SP;Sul;Colisão Transversal;1;2;;;;;1
22/01/2017;10:12:00;27;com vítima;0,17;BR-153/SP;Sul;Engavetamento;1;4;2;;;;1
26/01/2017;12:00:00;50;sem vítima;321,15;BR-153/SP;Norte;Colisão Lateral;1;3;;;;;1
29/01/2017;06:57:00;13;sem vítima;89,7;BR-153/SP;Norte;Tombamento;1;1;;;;;1
31/01/2017;05:39:00;12;sem vítima;98,9;BR-153/SP;Sul;Colisão Traseira;1;4;;;;;1
31/01/2017;07:58:00;20;com vítima;107,9;BR-153/SP;Sul;Colisão Traseira;1;3;1;;;;1
31/01/2017;11:14:00;62;sem vítima;72,8;BR-153/SP;Sul;Incidente;1;2;;;;;1
31/01/2017;14:17:00;85;sem vítima;57;BR-153/SP;Norte;Colisão Traseira;1;3;;;;;1
03/02/2017;05:07:00;11;sem vítima;69;BR-153/SP;Norte;Saída de Pista;1;1;;;;;1
06/02/2017;06:33:00;21;sem vítima;106;BR-153/SP;Sul;Atropelamento de Animal;1;3;;;;;1
10/02/2017;18:59:00;81;sem vítima;63,8;BR-153/SP;Norte;Engavetamento;1;4;;;;;1
14/02/2017;10:50:00;60;com vítima;146;BR-153/SP;Sul;Colisão Lateral;2;1;1;;;;1
15/02/2017;22:34:00;140;sem vítima;212;BR-153/SP;Norte;Colisão Traseira;2;2;;;;;1
16/02/2017;08:08:00;27;sem vítima;75,6;BR-153/SP;Sul;Tombamento;1;1;;;;;1
16/02/2017;18:33:00;125;com vítima;95,8;BR-153/SP;Norte;Colisão Transversal;1;2;2;;;;1
17/02/2017;08:32:00;32;com vítima;48;BR-153/SP;Sul;Colisão Transversal;2;6;3;1;;;2
18/02/2017;18:51:00;87;sem vítima;61,8;BR-153/SP;Sul;Saída de Pista;1;3;;;;;1
23/02/2017;07:05:00;23;sem vítima;136,5;BR-153/SP;Norte;Colisão Lateral;1;3;;;;;1
23/02/2017;16:51:00;102;com vítima;85,3;BR-153/SP;Sul;Colisão Transversal;1;1;1;;;;1
24/02/2017;19:41:00;113;sem vítima;183,8;BR-153/SP;Sul;Colisão Traseira;1;2;;;;;1
25/02/2017;04:37:00;6;sem vítima;63;BR-153/SP;Sul;Saída de Pista;1;1;;;;;1
25/02/2017;21:12:00;91;sem vítima;275;BR-153/SP;Norte;Colisão Lateral;1;2;;;;;1
27/02/2017;09:40:00;35;com vítima;77,9;BR-153/SP;Sul;Saída de Pista;1;0;1;;;;1
01/03/2017;05:52:00;11;sem vítima;41,8;BR-153/SP;Norte;Colisão Lateral;1;2;;;;;1
08/03/2017;17:26:00;111;com vítima;86,3;BR-153/SP;Norte;Colisão Frontal;1;1;1;;;2;3
10/03/2017;07:28:00;30;sem vítima;45,1;BR-153/SP;Norte;Colisão Lateral;1;2;;;;;1
10/03/2017;09:25:00;42;sem vítima;58;BR-153/SP;Norte;Colisão Transversal;1;6;;;;;1
10/03/2017;16:18:00;101;sem vítima;123;BR-153/SP;Norte;Colisão Lateral;2;2;;;;;1
10/03/2017;20:27:00;138;sem vítima;49;BR-153/SP;Sul;Engavetamento;3;4;;;;;1
10/03/2017;20:49:00;139;sem vítima;71;BR-153/SP;Sul;Colisão Lateral;2;2;;;;;1
14/03/2017;09:16:00;35;com vítima;55,8;BR-153/SP;Norte;Colisão Transversal;2;2;2;;;;1
15/03/2017;10:34:00;55;sem vítima;339,9;BR-153/SP;Norte;Saída de Pista;1;1;;;;;1
16/03/2017;13:30:00;73;com vítima;155;BR-153/SP;Norte;Colisão Lateral;1;0;1;;;;1
19/03/2017;02:05:00;6;sem vítima;92;BR-153/SP;Norte;Saída de Pista;2;2;;;;;1
19/03/2017;12:19:00;50;com vítima;174,4;BR-153/SP;Norte;Colisão Transversal;1;1;2;;;;1
20/03/2017;17:04:00;102;sem vítima;39,7;BR-153/SP;Sul;Saída de Pista;1;1;;;;;1
21/03/2017;05:22:00;11;sem vítima;105,5;BR-153/SP;Sul;Choque contra objeto na faixa de rolamento;1;3;;;;;1
22/03/2017;11:29:00;55;sem vítima;58;BR-153/SP;Norte;Colisão Lateral;1;2;;;;;1
22/03/2017;15:45:00;84;sem vítima;291,7;BR-153/SP;Norte;Tombamento;1;1;;;;;1
24/03/2017;14:01:00;70;com vítima;69,2;BR-153/SP;Norte;Colisão Transversal;1;4;;1;;;2
29/03/2017;13:28:00;82;com vítima;71,9;BR-153/SP;Sul;Colisão Transversal;2;1;1;;;;1
30/03/2017;19:16:00;96;com vítima;100;BR-153/SP;Norte;Colisão Lateral;1;1;1;;;;1
01/04/2017;07:40:00;17;com vítima;95;BR-153/SP;Norte;Colisão Traseira;1;2;1;1;;;2
02/04/2017;13:50:00;43;sem vítima;256;BR-153/SP;Norte;Colisão Lateral;1;4;;;;;1
07/04/2017;19:01:00;116;com vítima;45;BR-153/SP;Norte;Colisão Transversal;1;1;1;;;;1
08/04/2017;06:50:00;15;sem vítima;18;BR-153/SP;Norte;Saída de Pista;1;1;;;;;1
09/04/2017;22:24:00;110;sem vítima;71,5;BR-153/SP;Norte;Colisão Transversal;2;2;;;;;1
10/04/2017;05:14:00;10;sem vítima;115,8;BR-153/SP;Sul;Colisão Lateral;1;3;;;;;1
11/04/2017;10:31:00;59;sem vítima;256;BR-153/SP;Norte;Tombamento;1;1;;;;;1
12/04/2017;17:46:00;83;sem vítima;318;BR-153/SP;Norte;Saída de Pista;1;1;;;;;1
13/04/2017;19:05:00;103;sem vítima;56;BR-153/SP;Norte;Engavetamento;1;6;;;;;1
15/04/2017;13:43:00;64;sem vítima;211,5;BR-153/SP;Norte;Colisão Traseira;1;2;;;;;1
18/04/2017;19:51:00;127;sem vítima;85;BR-153/SP;Norte;Colisão Transversal;1;4;;;;;1
25/04/2017;17:01:00;82;sem vítima;69;BR-153/SP;Norte;Colisão Transversal;1;2;;;;;1
26/04/2017;11:23:00;56;com vítima;62;BR-153/SP;Sul;Colisão Frontal;1;1;;1;;;2
28/04/2017;01:11:00;4;sem vítima;262,3;BR-153/SP;Norte;Colisão Transversal;1;2;;;;;1
02/05/2017;15:04:00;68;com vítima;256,5;BR-153/SP;Norte;Tombamento;1;0;1;;;;1
03/05/2017;11:06:00;55;com vítima;62,1;BR-153/SP;Norte;Engavetamento;1;4;1;1;;;2
04/05/2017;08:36:00;27;sem vítima;58;BR-153/SP;Norte;Colisão Transversal;1;3;;;;;1
04/05/2017;10:12:00;51;sem vítima;114,9;BR-153/SP;Norte;Saída de Pista;1;1;;;;;1
04/05/2017;14:11:00;75;sem vítima;23;BR-153/SP;Sul;Colisão Traseira;2;3;;;;;1
05/05/2017;18:06:00;110;com vítima;63;BR-153/SP;Norte;Colisão Traseira;1;1;1;;;;1
07/05/2017;22:17:00;88;com vítima;184;BR-153/SP;Norte;Colisão Traseira;1;1;;2;;;2
08/05/2017;10:27:00;55;sem vítima;67,4;BR-153/SP;Norte;Colisão Lateral;1;2;;;;;1
09/05/2017;00:09:00;1;sem vítima;183;BR-153/SP;Sul;Tombamento;1;1;;;;;1
10/05/2017;18:57:00;105;sem vítima;161,1;BR-153/SP;Norte;Colisão Traseira;2;2;;;;;1
12/05/2017;18:41:00;91;sem vítima;54;BR-153/SP;Norte;Choque contra objeto na faixa de rolamento;2;5;;;;;1
13/05/2017;00:59:00;4;sem vítima;175;BR-153/SP;Sul;Colisão Traseira;1;2;;;;;1
14/05/2017;18:44:00;77;com vítima;228,8;BR-153/SP;Norte;Engavetamento;1;6;;1;;;2
16/05/2017;11:44:00;64;sem vítima;257,8;BR-153/SP;Norte;Colisão Traseira;2;2;;;;;1
19/05/2017;11:23:00;54;sem vítima;98,5;BR-153/SP;Norte;Colisão Traseira;1;2;;;;;1
19/05/2017;16:42:00;92;sem vítima;73;BR-153/SP;Norte;Colisão Lateral;1;2;;;;;1
20/05/2017;05:00:00;14;sem vítima;42,2;BR-153/SP;Norte;Atropelamento de Animal;1;1;;;;;1
21/05/2017;22:05:00;83;sem vítima;142,5;BR-153/SP;Norte;Colisão Lateral;2;3;;;;;1
22/05/2017;14:16:00;73;sem vítima;72,5;BR-153/SP;Norte;Colisão Transversal;1;2;;;;;1
22/05/2017;20:49:00;108;com vítima;75;BR-153/SP;Norte;Saída de Pista;1;0;1;;;;1
26/05/2017;10:46:00;48;com vítima;273,9;BR-153/SP;Norte;Saída de Pista;1;0;;;;1;3
26/05/2017;23:13:00;119;com vítima;95,9;BR-153/SP;Sul;Colisão Transversal;1;1;;1;;;2
27/05/2017;01:08:00;4;sem vítima;74;BR-153/SP;Sul;Colisão Transversal;1;2;;;;;1
30/05/2017;11:15:00;50;sem vítima;148,5;BR-153/SP;Sul;Engavetamento;1;3;;;;;1
31/05/2017;08:47:00;22;sem vítima;62,8;BR-153/SP;Sul;Engavetamento;1;3;;;;;1
03/06/2017;08:21:00;27;com vítima;256,5;BR-153/SP;Norte;Tombamento;1;0;1;;;;1
07/06/2017;06:08:00;5;com vítima;65;BR-153/SP;Sul;Colisão Lateral;1;1;1;;;;1
11/06/2017;14:57:00;59;sem vítima;35,7;BR-153/SP;Norte;Colisão Lateral;1;3;;;;;1
13/06/2017;07:11:00;10;sem vítima;205;BR-153/SP;Norte;Choque contra objeto na faixa de rolamento;2;2;;;;;1
13/06/2017;09:16:00;19;com vítima;313,6;BR-153/SP;Sul;Saída de Pista;1;1;1;;;;1
13/06/2017;11:09:00;31;sem vítima;150;BR-153/SP;Norte;Saída de Pista;1;1;;;;;1
13/06/2017;13:11:00;41;sem vítima;275,4;BR-153/SP;Norte;Saída de Pista;1;4;;;;;1
17/06/2017;09:21:00;25;com vítima;174,4;BR-153/SP;Sul;Colisão Transversal;2;1;2;;;;1
17/06/2017;19:32:00;65;sem vítima;60,85;BR-153/SP;Sul;Colisão Traseira;1;6;;;;;1
20/06/2017;07:53:00;18;sem vítima;61,8;BR-153/SP;Sul;Colisão Traseira;1;2;;;;;1
21/06/2017;18:05:00;76;sem vítima;96,1;BR-153/SP;Sul;Colisão Traseira;1;3;;;;;1
22/06/2017;18:47:00;96;sem vítima;31,5;BR-153/SP;Sul;Colisão Transversal;1;2;;;;;1
23/06/2017;08:02:00;26;sem vítima;58;BR-153/SP;Norte;Colisão Transversal;2;2;;;;;1
26/06/2017;16:15:00;71;com vítima;184;BR-153/SP;Norte;Colisão Traseira;1;1;1;;;;1
28/06/2017;11:13:00;49;sem vítima;61;BR-153/SP;Norte;Colisão Traseira;2;2;;;;;1
29/06/2017;03:49:00;11;sem vítima;113,5;BR-153/SP;Sul;Colisão Lateral;1;3;;;;;1
01/07/2017;13:45:00;60;sem vítima;337,1;BR-153/SP;Sul;Tombamento;1;1;;;;;1
02/07/2017;12:11:00;38;sem vítima;268,1;BR-153/SP;Norte;Colisão Traseira;1;3;;;;;1
05/07/2017;19:38:00;88;sem vítima;164;BR-153/SP;Norte;Saída de Pista;1;1;;;;;1
06/07/2017;16:15:00;80;sem vítima;336,1;BR-153/SP;Norte;Colisão Traseira;1;2;;;;;1
12/07/2017;10:23:00;34;com vítima;62,3;BR-153/SP;Sul;Engavetamento;1;1;2;;;;1
14/07/2017;11:06:00;38;sem vítima;35,8;BR-153/SP;Norte;Colisão Traseira;1;2;;;;;1
19/07/2017;15:39:00;77;sem vítima;98,5;BR-153/SP;Sul;Colisão Traseira;1;3;;;;;1
21/07/2017;03:28:00;5;sem vítima;63,4;BR-153/SP;Norte;Colisão Lateral;1;2;;;;;1
22/07/2017;13:47:00;61;com vítima;175;BR-153/SP;Sul;Colisão Traseira;1;2;5;;;;1
25/07/2017;06:26:00;8;sem vítima;185;BR-153/SP;Sul;Atropelamento de Animal;1;1;;;;;1
25/07/2017;07:37:00;15;sem vítima;284,5;BR-153/SP;Norte;Colisão Traseira;2;2;;;;;1
28/07/2017;06:29:00;9;sem vítima;99;BR-153/SP;Norte;Tombamento;1;1;;;;;1
28/07/2017;12:11:00;45;sem vítima;98,5;BR-153/SP;Sul;Colisão Traseira;1;2;;;;;1
28/07/2017;13:17:00;52;sem vítima;49;BR-153/SP;Norte;Colisão Traseira;1;2;;;;;1
28/07/2017;19:39:00;94;sem vítima;66,7;BR-153/SP;Sul;Colisão Lateral;2;4;;;;;1
29/07/2017;05:56:00;5;com vítima;145,5;BR-153/SP;Sul;Outros;1;0;1;;;;1
31/07/2017;04:06:00;7;sem vítima;186;BR-153/SP;Sul;Saída de Pista;1;2;;;;;1
02/08/2017;14:46:00;74;sem vítima;61,9;BR-153/SP;Sul;Colisão Traseira;1;2;;;;;1
04/08/2017;02:45:00;15;sem vítima;151,5;BR-153/SP;Sul;Colisão Lateral;1;3;;;;;1
04/08/2017;05:54:00;17;com vítima;286;BR-153/SP;Sul;Colisão Traseira;2;2;;;1;;2
04/08/2017;07:42:00;22;sem vítima;94;BR-153/SP;Sul;Colisão Lateral;1;3;;;;;1
05/08/2017;10:05:00;27;com vítima;299;BR-153/SP;Norte;Tombamento;1;0;;;;1;3
06/08/2017;19:13:00;76;com vítima;99,3;BR-153/SP;Norte;Colisão Transversal;1;1;1;;;;1
09/08/2017;18:03:00;91;com vítima;200,5;BR-153/SP;Norte;Colisão Transversal;1;1;1;;;;1
15/08/2017;14:46:00;67;com vítima;276;BR-153/SP;Norte;Colisão Frontal;1;1;;;2;;2
21/08/2017;09:04:00;25;sem vítima;297,9;BR-153/SP;Norte;Colisão Traseira;1;3;;;;;1
22/08/2017;16:22:00;92;sem vítima;57;BR-153/SP;Norte;Colisão Lateral;2;2;;;;;1
23/08/2017;16:56:00;97;sem vítima;62;BR-153/SP;Sul;Colisão Traseira;1;5;;;;;1
27/08/2017;18:13:00;60;com vítima;171;BR-153/SP;Sul;Colisão Transversal;1;1;;1;;;2
27/08/2017;20:58:00;73;sem vítima;257,3;BR-153/SP;Sul;Atropelamento de Animal;1;1;;;;;1
06/09/2017;16:16:00;76;sem vítima;58,2;BR-153/SP;Sul;Colisão Lateral;1;2;;;;;1
06/09/2017;18:28:00;90;com vítima;65;BR-153/SP;Sul;Engavetamento;1;4;;1;;;2
10/09/2017;22:04:00;112;sem vítima;99;BR-153/SP;Norte;Colisão Transversal;1;4;;;;;1
12/09/2017;14:00:00;60;com vítima;195;BR-153/SP;Norte;Saída de Pista;1;0;1;;;;1
21/09/2017;15:39:00;92;com vítima;58,5;BR-153/SP;Norte;Colisão Transversal;1;2;2;;;;1
28/09/2017;08:16:00;27;sem vítima;63;BR-153/SP;Sul;Incidente;1;2;;;;;1
30/09/2017;15:51:00;66;sem vítima;47;BR-153/SP;Norte;Saída de Pista;1;1;;;;;1
03/10/2017;07:16:00;12;com vítima;274,5;BR-153/SP;Norte;Saída de Pista;1;1;1;;;;1
06/10/2017;05:23:00;17;sem vítima;98,5;BR-153/SP;Sul;Choque contra Objeto Fixo;1;2;;;;;1