data;horario;n_da_ocorrencia;tipo_de_ocorrencia;km;trecho;sentido;tipo_de_acidente;caminhao;ilesos;levemente_feridos;moderadamente_feridos;gravemente_feridos;mortos;3
06/10/2017;16:41:00;100;sem vítima;93,1;BR-153/SP;Norte;Engavetamento;4;4;;;;;1
08/10/2017;00:40:00;4;com vítima;120;BR-153/SP;Sul;Colisão Traseira;1;1;;;;1;3
09/10/2017;17:00:00;94;sem vítima;55,2;BR-153/SP;Sul;Choque contra objeto na faixa de rolamento;1;4;;;;;1
13/10/2017;18:31:00;92;com vítima;61;BR-153/SP;Norte;Colisão Traseira;1;1;1;;;;1
15/10/2017;16:42:00;65;sem vítima;59;BR-153/SP;Norte;Colisão Transversal;1;2;;;;;1
16/10/2017;11:12:00;39;com vítima;174,3;BR-153/SP;Norte;Colisão Transversal;1;1;1;1;;;2
19/10/2017;18:09:00;90;com vítima;258;BR-153/SP;Norte;Atropelamento  de Pedestre;1;1;;;1;;2
21/10/2017;08:08:00;14;com vítima;261;BR-153/SP;Sul;Colisão Lateral;1;1;1;;;;1
23/10/2017;09:35:00;31;sem vítima;75;BR-153/SP;Norte;Colisão Lateral;1;2;;;;;1
23/10/2017;14:29:00;60;sem vítima;89,9;BR-153/SP;Sul;Colisão Traseira;1;4;;;;;1
26/10/2017;21:48:00;121;com vítima;44;BR-153/SP;Norte;Colisão Transversal;1;1;1;;;;1
30/10/2017;09:01:00;40;sem vítima;159;BR-153/SP;Norte;Tombamento;1;1;;;;;1
30/10/2017;18:02:00;81;sem vítima;61;BR-153/SP;Norte;Colisão Traseira;1;2;;;;;1
01/11/2017;09:38:00;31;com vítima;58;BR-153/SP;Norte;Colisão Transversal;1;4;2;;;;1
01/11/2017;17:58:00;73;com vítima;289;BR-153/SP;Sul;Saída de Pista;1;1;1;;;;1
01/11/2017;21:18:00;94;sem vítima;64,5;BR-153/SP;Sul;Colisão Lateral;1;2;;;;;1
02/11/2017;17:00:00;78;sem vítima;208,85;BR-153/SP;Norte;Colisão Transversal;1;3;;;;;1
04/11/2017;20:48:00;78;com vítima;31;BR-153/SP;Norte;Colisão Transversal;2;1;1;;;;1
07/11/2017;04:00:00;9;com vítima;160,6;BR-153/SP;Sul;Tombamento;1;0;1;;;;1
18/11/2017;08:08:00;28;sem vítima;269;BR-153/SP;Norte;Engavetamento;1;5;;;;;1
21/11/2017;16:18:00;84;com vítima;221,5;BR-153/SP;Norte;Colisão Lateral;2;2;;1;;;2
25/11/2017;14:47:00;52;sem vítima;55;BR-153/SP;Sul;Colisão Lateral;1;2;;;;;1
27/11/2017;06:46:00;13;sem vítima;67;BR-153/SP;Norte;Colisão Traseira;2;2;;;;;1
28/11/2017;16:27:00;74;sem vítima;302;BR-153/SP;Sul;Colisão Transversal;1;3;;;;;1
04/12/2017;19:27:00;131;sem vítima;63;BR-153/SP;Sul;Colisão Lateral;1;2;;;;;1
05/12/2017;10:09:00;47;sem vítima;35;BR-153/SP;Sul;Colisão Traseira;2;2;;;;;1
06/12/2017;14:56:00;57;sem vítima;286;BR-153/SP;Sul;Tombamento;1;1;;;;;1
09/12/2017;02:01:00;8;com vítima;138,5;BR-153/SP;Sul;Colisão Lateral;1;1;1;;;;1
14/12/2017;10:10:00;48;sem vítima;24;BR-153/SP;Norte;Engavetamento;2;3;;;;;1
14/12/2017;17:46:00;79;sem vítima;21,4;BR-153/SP;Norte;Colisão Traseira;2;4;;;;;1
15/12/2017;16:17:00;64;sem vítima;61;BR-153/SP;Sul;Colisão Traseira;1;2;;;;;1
18/12/2017;14:30:00;74;com vítima;8;BR-153/SP;Norte;Colisão Frontal;2;2;;;;2;3
19/12/2017;13:35:00;75;com vítima;161;BR-153/SP;Norte;Colisão Lateral;1;1;1;;;;1
20/12/2017;08:54:00;29;com vítima;1,5;BR-153/SP;Norte;Colisão Frontal;1;0;1;;;1;3
20/12/2017;15:48:00;83;sem vítima;277;BR-153/SP;Norte;Colisão Lateral;1;2;;;;;1
20/12/2017;23:03:00;139;com vítima;51,4;BR-153/SP;Sul;Colisão Traseira;1;1;;1;;;2
21/12/2017;09:43:00;33;sem vítima;84;BR-153/SP;Sul;Colisão Traseira;1;5;;;;;1
26/12/2017;07:14:00;11;sem vítima;112;BR-153/SP;Sul;Saída de Pista;1;3;;;;;1
26/12/2017;19:05:00;84;sem vítima;67;BR-153/SP;Norte;Tombamento;1;1;;;;;1
26/12/2017;20:41:00;90;com vítima;66;BR-153/SP;Norte;Engavetamento;1;2;1;;;;1
27/12/2017;07:36:00;13;sem vítima;70;BR-153/SP;Norte;Colisão Lateral;2;2;;;;;1
28/12/2017;08:39:00;18;com vítima;85;BR-153/SP;Sul;Saída de Pista;1;0;1;;;;1
29/12/2017;10:10:00;39;sem vítima;35,8;BR-153/SP;Sul;Colisão Traseira;2;4;;;;;1
03/01/2018;09:59:00;27;com vítima;44;BR-153/SP;Norte;Colisão Transversal;1;3;1;;;;1
03/01/2018;13:56:00;52;sem vítima;62;BR-153/SP;Sul;Engavetamento;1;5;;;;;1
04/01/2018;00:57:00;4;com vítima;35;BR-153/SP;Norte;Colisão Lateral;1;1;;;;1;3
05/01/2018;02:17:00;2;sem vítima;53;BR-153/SP;Sul;Saída de Pista;1;2;;;;;1
05/01/2018;05:33:00;5;com vítima;14,7;BR-153/SP;Sul;Saída de Pista;1;1;1;;;;1
05/01/2018;08:04:00;19;com vítima;69,9;BR-153/SP;Norte;Colisão Frontal;1;4;1;;;;1
06/01/2018;17:45:00;85;com vítima;146,8;BR-153/SP;Norte;Saída de Pista;1;0;1;;;;1
08/01/2018;02:34:00;7;sem vítima;148,4;BR-153/SP;Sul;Tombamento;1;1;;;;;1
08/01/2018;07:17:00;13;com vítima;90,4;BR-153/SP;Norte;Colisão Frontal;1;0;;;2;;2
11/01/2018;14:48:00;81;sem vítima;174;BR-153/SP;Sul;Colisão Lateral;1;4;;;;;1
12/01/2018;02:10:00;6;sem vítima;142;BR-153/SP;Sul;Saída de Pista;1;1;;;;;1
12/01/2018;09:08:00;39;sem vítima;62,05;BR-153/SP;Sul;Engavetamento;1;3;;;;;1
12/01/2018;09:55:00;47;sem vítima;68;BR-153/SP;Norte;Colisão Transversal;1;4;;;;;1
12/01/2018;16:52:00;84;sem vítima;74;BR-153/SP;Sul;Saída de Pista;1;2;;;;;1
14/01/2018;11:30:00;41;sem vítima;212;BR-153/SP;Norte;Colisão Transversal;1;2;;;;;1
15/01/2018;06:49:00;10;com vítima;88;BR-153/SP;Norte;Colisão Frontal;1;4;2;;;;1
16/01/2018;05:18:00;3;sem vítima;70;BR-153/SP;Norte;Colisão Traseira;1;5;;;;;1
17/01/2018;16:22:00;71;sem vítima;58;BR-153/SP;Norte;Colisão Transversal;1;2;;;;;1
18/01/2018;04:20:00;11;sem vítima;267,7;BR-153/SP;Sul;Choque contra Objeto Fixo;1;1;;;;;1
18/01/2018;08:40:00;37;sem vítima;73;BR-153/SP;Norte;Engavetamento;1;4;;;;;1
18/01/2018;13:52:00;77;sem vítima;62;BR-153/SP;Sul;Colisão Traseira;1;3;;;;;1
20/01/2018;08:15:00;22;sem vítima;14;BR-153/SP;Norte;Colisão Traseira;1;4;;;;;1
22/01/2018;17:01:00;93;sem vítima;75;BR-153/SP;Norte;Tombamento;1;1;;;;;1
22/01/2018;17:14:00;95;sem vítima;67;BR-153/SP;Sul;Colisão Traseira;1;6;;;;;1
23/01/2018;22:13:00;99;sem vítima;98,9;BR-153/SP;Sul;Colisão Traseira;1;2;;;;;1
25/01/2018;01:03:00;2;sem vítima;313,8;BR-153/SP;Norte;Colisão Lateral;1;3;;;;;1
25/01/2018;18:41:00;101;sem vítima;60;BR-153/SP;Norte;Engavetamento;2;3;;;;;1
26/01/2018;07:33:00;20;sem vítima;183,8;BR-153/SP;Norte;Colisão Traseira;1;2;;;;;1
30/01/2018;15:31:00;62;sem vítima;183,8;BR-153/SP;Sul;Colisão Traseira;1;3;;;;;1
01/02/2018;14:10:00;60;sem vítima;313,7;BR-153/SP;Norte;Saída de Pista;1;3;;;;;1
02/02/2018;02:45:00;4;com vítima;78,8;BR-153/SP;Norte;Colisão Traseira;2;1;1;;;1;3
03/02/2018;18:13:00;86;com vítima;37,8;BR-153/SP;Norte;Atropelamento  de Pedestre;1;1;1;;;;1
04/02/2018;22:07:00;76;com vítima;57;BR-153/SP;Sul;Colisão Lateral;1;2;1;;;;1
07/02/2018;09:01:00;37;sem vítima;62;BR-153/SP;Sul;Engavetamento;1;3;;;;;1
09/02/2018;09:18:00;22;sem vítima;11,5;BR-153/SP;Sul;Colisão Lateral;1;2;;;;;1
09/02/2018;12:07:00;41;sem vítima;72;BR-153/SP;Norte;Colisão Lateral;1;2;;;;;1
09/02/2018;15:17:00;61;sem vítima;326,3;BR-153/SP;Sul;Colisão Lateral;1;3;;;;;1
09/02/2018;20:46:00;107;sem vítima;97;BR-153/SP;Norte;Colisão Traseira;2;2;;;;;1
10/02/2018;19:46:00;91;sem vítima;69;BR-153/SP;Norte;Colisão Lateral;1;2;;;;;1
14/02/2018;13:04:00;54;com vítima;64;BR-153/SP;Sul;Colisão Traseira;1;1;;1;;;2
14/02/2018;22:14:00;90;sem vítima;342,05;BR-153/SP;Norte;Colisão Transversal;1;3;;;;;1
15/02/2018;13:02:00;53;sem vítima;98;BR-153/SP;Norte;Colisão Traseira;1;6;;;;;1
17/02/2018;11:37:00;25;sem vítima;52;BR-153/SP;Sul;Colisão Lateral;1;2;;;;;1
20/02/2018;16:08:00;67;sem vítima;268,1;BR-153/SP;Sul;Colisão Traseira;2;2;;;;;1
22/02/2018;01:28:00;2;sem vítima;64,9;BR-153/SP;Sul;Atropelamento de Animal;1;1;;;;;1
22/02/2018;12:31:00;69;com vítima;55,7;BR-153/SP;Norte;Colisão Traseira;1;1;1;;;;1
22/02/2018;18:37:00;115;sem vítima;208,85;BR-153/SP;Sul;Colisão Transversal;1;3;;;;;1
22/02/2018;19:22:00;118;sem vítima;72,5;BR-153/SP;Sul;Colisão Transversal;1;2;;;;;1
23/02/2018;16:26:00;88;sem vítima;183,8;BR-153/SP;Sul;Colisão Traseira;1;3;;;;;1
25/02/2018;17:09:00;44;sem vítima;90;BR-153/SP;Sul;Colisão Traseira;1;4;;;;;1
26/02/2018;15:05:00;65;sem vítima;56;BR-153/SP;Norte;Colisão Transversal;1;2;;;;;1
26/02/2018;19:04:00;93;com vítima;164,4;BR-153/SP;Norte;Colisão Frontal;1;1;;;;1;3
27/02/2018;15:32:00;76;sem vítima;29,7;BR-153/SP;Sul;Saída de Pista;1;1;;;;;1
03/03/2018;03:06:00;5;sem vítima;52,1;BR-153/SP;Norte;Colisão Traseira;1;3;;;;;1
07/03/2018;22:07:00;108;com vítima;64;BR-153/SP;Norte;Colisão Traseira;1;1;;1;;;2
09/03/2018;00:16:00;1;sem vítima;99;BR-153/SP;Norte;Colisão Transversal;2;3;;;;;1
09/03/2018;08:40:00;19;sem vítima;62,8;BR-153/SP;Sul;Engavetamento;1;3;;;;;1
10/03/2018;00:09:00;1;sem vítima;334;BR-153/SP;Norte;Colisão Lateral;1;14;;;;;1
11/03/2018;13:58:00;50;com vítima;119,15;BR-153/SP;Norte;Colisão Lateral;1;1;;;1;;2
12/03/2018;13:19:00;52;sem vítima;259;BR-153/SP;Norte;Colisão Lateral;1;2;;;;;1
14/03/2018;08:51:00;28;com vítima;62,6;BR-153/SP;Sul;Engavetamento;2;4;;1;;;2
14/03/2018;16:17:00;74;com vítima;107;BR-153/SP;Sul;Colisão Lateral;1;1;2;;;;1
15/03/2018;15:18:00;81;sem vítima;280;BR-153/SP;Sul;Colisão Transversal;1;3;;;;;1
15/03/2018;16:27:00;88;sem vítima;200;BR-153/SP;Norte;Colisão Traseira;1;2;;;;;1
16/03/2018;13:59:00;88;sem vítima;61;BR-153/SP;Sul;Engavetamento;1;8;;;;;1
16/03/2018;21:19:00;122;com vítima;174,4;BR-153/SP;Sul;Colisão Transversal;1;2;;1;;1;3
18/03/2018;18:55:00;82;com vítima;72,8;BR-153/SP;Sul;Colisão Transversal;1;1;1;1;;;2
20/03/2018;11:14:00;39;com vítima;90,1;BR-153/SP;Sul;Colisão Traseira;2;2;1;;;;1
22/03/2018;14:06:00;66;com vítima;50,05;BR-153/SP;Sul;Colisão Traseira;2;1;;;1;;2
23/03/2018;01:05:00;3;com vítima;137,8;BR-153/SP;Norte;Saída de Pista;1;0;1;;;;1
23/03/2018;13:37:00;59;com vítima;184;BR-153/SP;Norte;Engavetamento;1;3;4;;;;1
26/03/2018;04:58:00;3;com vítima;18,8;BR-153/SP;Sul;Colisão Traseira;2;1;;1;;;2
27/03/2018;14:13:00;65;com vítima;34;BR-153/SP;Norte;Saída de Pista;1;0;1;;;;1
31/03/2018;20:57:00;73;com vítima;150,1;BR-153/SP;Norte;Colisão Transversal;1;1;;;;1;3
01/04/2018;21:35:00;96;sem vítima;259;BR-153/SP;Sul;Atropelamento de Animal;1;1;;;;;1
04/04/2018;07:42:00;24;sem vítima;121,1;BR-153/SP;Norte;Saída de Pista;1;1;;;;;1
04/04/2018;09:38:00;38;sem vítima;58;BR-153/SP;Norte;Colisão Transversal;1;3;;;;;1
05/04/2018;10:05:00;28;sem vítima;76,5;BR-153/SP;Sul;Colisão Traseira;1;3;;;;;1
06/04/2018;06:21:00;9;sem vítima;174;BR-153/SP;Norte;Colisão Transversal;1;3;;;;;1
06/04/2018;10:48:00;36;com vítima;148,8;BR-153/SP;Norte;Saída de Pista;1;0;1;1;;;2
07/04/2018;19:36:00;74;sem vítima;72;BR-153/SP;Norte;Colisão Lateral;1;3;;;;;1
16/04/2018;05:02:00;6;com vítima;257,05;BR-153/SP;Sul;Colisão Lateral;1;1;1;;;;1
16/04/2018;17:31:00;72;sem vítima;327;BR-153/SP;Norte;Colisão Traseira;1;4;;;;;1
17/04/2018;14:08:00;66;sem vítima;62;BR-153/SP;Norte;Outros;1;1;;;;;1
18/04/2018;17:23:00;71;sem vítima;59;BR-153/SP;Norte;Colisão Transversal;1;2;;;;;1
19/04/2018;02:46:00;4;sem vítima;72;BR-153/SP;Norte;Saída de Pista;1;1;;;;;1
19/04/2018;08:48:00;27;com vítima;66,65;BR-153/SP;Sul;Colisão Traseira;2;2;2;;;;1
20/04/2018;14:48:00;75;sem vítima;34,7;BR-153/SP;Norte;Colisão Traseira;2;2;;;;;1
21/04/2018;22:47:00;82;sem vítima;165,2;BR-153/SP;Norte;Atropelamento de Animal;1;2;;;;;1
22/04/2018;21:26:00;64;com vítima;82,05;BR-153/SP;Norte;Colisão Transversal;1;3;1;1;;;2
23/04/2018;06:09:00;8;com vítima;327,6;BR-153/SP;Norte;Tombamento de Moto;1;1;1;;;;1
25/04/2018;09:46:00;24;com vítima;223,4;BR-153/SP;Norte;Tombamento;1;0;;;1;;2
27/04/2018;11:40:00;46;sem vítima;61;BR-153/SP;Sul;Colisão Traseira;1;2;;;;;1
28/04/2018;07:22:00;17;sem vítima;33,4;BR-153/SP;Sul;Colisão Traseira;2;2;;;;;1
29/04/2018;03:30:00;4;com vítima;177,5;BR-153/SP;Norte;Colisão Frontal;1;2;2;;;;1
30/04/2018;16:57:00;49;sem vítima;55,75;BR-153/SP;Norte;Colisão Traseira;1;2;;;;;1
02/08/2018;10:13:00;48;sem vítima;60,95;BR-153/SP;Sul;Colisão Traseira;1;2;;;;;1
03/08/2018;05:50:00;11;sem vítima;227,5;BR-153/SP;Norte;Colisão Lateral;1;3;;;;;1
04/08/2018;19:31:00;103;sem vítima;102;BR-153/SP;Norte;Atropelamento de Animal;1;2;;;;;1
10/08/2018;18:52:00;114;sem vítima;72;BR-153/SP;Norte;Colisão Lateral;1;2;;;;;1
11/08/2018;20:22:00;97;com vítima;30;BR-153/SP;Norte;Colisão Frontal;1;1;1;;;;1
12/08/2018;09:05:00;19;sem vítima;79;BR-153/SP;Norte;Colisão Traseira;2;2;;;;;1
13/08/2018;10:21:00;34;sem vítima;275,1;BR-153/SP;Sul;Colisão Lateral;1;3;;;;;1
13/08/2018;13:20:00;53;com vítima;79;BR-153/SP;Sul;Colisão Transversal;1;1;1;;;;1
18/08/2018;19:28:00;90;sem vítima;169;BR-153/SP;Norte;Colisão Transversal;1;2;;;;;1
21/08/2018;08:21:00;27;sem vítima;116;BR-153/SP;Norte;Colisão Lateral;3;3;;;;;1
24/08/2018;08:11:00;22;sem vítima;72,2;BR-153/SP;Norte;Colisão Traseira;1;2;;;;;1
24/08/2018;11:07:00;45;com vítima;174,2;BR-153/SP;Sul;Colisão Lateral;1;1;1;1;1;;2
31/08/2018;11:32:00;48;sem vítima;58,7;BR-153/SP;Norte;Colisão Traseira;1;2;;;;;1
31/08/2018;11:41:00;52;sem vítima;174,4;BR-153/SP;Norte;Colisão Transversal;1;3;;;;;1
31/08/2018;15:55:00;84;sem vítima;55;BR-153/SP;Sul;Colisão Traseira;2;2;;;;;1
01/07/2018;23:41:00;91;sem vítima;174;BR-153/SP;Norte;Colisão Transversal;1;2;;;;;1
02/07/2018;14:59:00;59;com vítima;257,5;BR-153/SP;Sul;Colisão Traseira;1;1;;1;;;2
03/07/2018;12:31:00;66;sem vítima;99;BR-153/SP;Norte;Tombamento;1;2;;;;;1
05/07/2018;16:47:00;102;sem vítima;89,05;BR-153/SP;Sul;Engavetamento;1;7;;;;;1
05/07/2018;18:35:00;114;sem vítima;182;BR-153/SP;Norte;Colisão Transversal;1;2;;;;;1
06/07/2018;19:11:00;94;sem vítima;209;BR-153/SP;Norte;Colisão Lateral;1;2;;;;;1
07/07/2018;18:34:00;82;com vítima;44,95;BR-153/SP;Sul;Colisão Transversal;1;1;1;;;;1
12/07/2018;10:21:00;49;com vítima;256;BR-153/SP;Sul;Colisão Lateral;1;2;;;1;;2
12/07/2018;20:08:00;103;sem vítima;56;BR-153/SP;Norte;Saída de Pista;1;1;;;;;1
13/07/2018;21:54:00;122;sem vítima;72,7;BR-153/SP;Sul;Tombamento;1;1;;;;;1
14/07/2018;02:52:00;8;sem vítima;67,5;BR-153/SP;Norte;Colisão Frontal;1;3;;;;;1
14/07/2018;15:03:00;76;sem vítima;278,4;BR-153/SP;Norte;Tombamento;1;1;;;;;1
16/07/2018;13:22:00;64;com vítima;146,7;BR-153/SP;Sul;Colisão Traseira;1;4;2;1;;;2
16/07/2018;19:01:00;106;sem vítima;71;BR-153/SP;Sul;Colisão Traseira;1;3;;;;;1
18/07/2018;20:10:00;109;sem vítima;71;BR-153/SP;Sul;Colisão Lateral;1;2;;;;;1
19/07/2018;18:08:00;98;com vítima;193,9;BR-153/SP;Sul;Engavetamento;2;2;2;;;;1
20/07/2018;05:43:00;12;com vítima;281,5;BR-153/SP;Sul;Tombamento;1;0;1;;;;1
20/07/2018;14:44:00;69;sem vítima;183,8;BR-153/SP;Sul;Colisão Traseira;2;2;;;;;1
23/07/2018;06:53:00;15;com vítima;61,4;BR-153/SP;Sul;Colisão Lateral;1;2;1;;;;1
27/07/2018;09:41:00;26;sem vítima;63,9;BR-153/SP;Sul;Colisão Traseira;2;2;;;;;1
30/07/2018;07:25:00;9;sem vítima;71,8;BR-153/SP;Sul;Engavetamento;1;7;;;;;1
01/06/2018;07:36:00;14;sem vítima;35,8;BR-153/SP;Sul;Colisão Lateral;1;5;;;;;1
02/06/2018;18:34:00;80;sem vítima;223,8;BR-153/SP;Norte;Colisão Transversal;1;3;;;;;1
04/06/2018;08:30:00;25;sem vítima;256,5;BR-153/SP;Norte;Tombamento;1;2;;;;;1
04/06/2018;14:28:00;55;com vítima;277;BR-153/SP;Norte;Saída de Pista;1;1;2;;;;1
05/06/2018;18:38:00;101;com vítima;8,6;BR-153/SP;Norte;Colisão Lateral;1;2;1;;;;1
08/06/2018;11:10:00;43;sem vítima;63,3;BR-153/SP;Sul;Engavetamento;1;3;;;;;1
08/06/2018;22:03:00;101;sem vítima;98,9;BR-153/SP;Sul;Colisão Lateral;1;3;;;;;1
09/06/2018;09:49:00;20;com vítima;80;BR-153/SP;Norte;Colisão Traseira;1;1;;1;;;2
09/06/2018;13:10:00;47;sem vítima;174;BR-153/SP;Sul;Colisão Transversal;1;3;;;;;1
09/06/2018;22:54:00;93;sem vítima;98,9;BR-153/SP;Norte;Colisão Traseira;1;6;;;;;1
10/06/2018;10:19:00;29;sem vítima;99;BR-153/SP;Norte;Colisão Transversal;2;2;;;;;1
13/06/2018;21:00:00;100;sem vítima;65;BR-153/SP;Sul;Colisão Traseira;2;3;;;;;1
14/06/2018;09:55:00;42;sem vítima;35,8;BR-153/SP;Norte;Colisão Lateral;1;2;;;;;1
17/06/2018;15:24:00;35;sem vítima;90;BR-153/SP;Norte;Colisão Traseira;1;2;;;;;1
18/06/2018;02:05:00;6;com vítima;0;BR-153/SP;Norte;Atropelamento  de Pedestre;1;1;;;1;;2
18/06/2018;15:52:00;73;sem vítima;174,4;BR-153/SP;Norte;Colisão Transversal;1;4;;;;;1
19/06/2018;11:33:00;54;sem vítima;119,7;BR-153/SP;Norte;Choque contra objeto na faixa de rolamento;3;4;;;;;1
22/06/2018;08:58:00;27;sem vítima;98,5;BR-153/SP;Sul;Colisão Traseira;1;2;;;;;1
22/06/2018;18:29:00;94;sem vítima;123,5;BR-153/SP;Sul;Outros;1;2;;;;;1
24/06/2018;15:45:00;52;com vítima;215,8;BR-153/SP;Norte;Colisão Transversal;1;5;1;;;;1
03/05/2018;23:07:00;92;sem vítima;83;BR-153/SP;Sul;Atropelamento de Animal;1;1;;;;;1
06/05/2018;14:41:00;58;com vítima;61;BR-153/SP;Norte;Colisão Traseira;1;2;2;;;;1
09/05/2018;09:21:00;33;sem vítima;75,05;BR-153/SP;Norte;Colisão Lateral;1;3;;;;;1
10/05/2018;01:38:00;7;sem vítima;161;BR-153/SP;Sul;Colisão Traseira;1;5;;;;;1
10/05/2018;20:11:00;87;sem vítima;72,8;BR-153/SP;Sul;Colisão Traseira;1;3;;;;;1
14/05/2018;22:26:00;94;sem vítima;55,7;BR-153/SP;Sul;Saída de Pista;1;2;;;;;1
15/05/2018;09:15:00;31;sem vítima;75;BR-153/SP;Sul;Colisão Lateral;1;2;;;;;1
16/05/2018;21:43:00;91;com vítima;171,3;BR-153/SP;Norte;Tombamento;1;0;2;;;;1
17/05/2018;18:32:00;75;com vítima;140;BR-153/SP;Norte;Colisão Lateral;1;2;1;;;;1
19/05/2018;17:44:00;75;sem vítima;56;BR-153/SP;Norte;Colisão Lateral;1;3;;;;;1
21/05/2018;09:25:00;29;sem vítima;27,9;BR-153/SP;Norte;Colisão Lateral;1;2;;;;;1
01/09/2018;07:13:00;10;sem vítima;62,8;BR-153/SP;Sul;Colisão Lateral;1;2;;;;;1
05/09/2018;05:34:00;12;com vítima;62,3;BR-153/SP;Sul;Colisão Traseira;2;1;1;;;;1
05/09/2018;21:04:00;96;sem vítima;59,2;BR-153/SP;Norte;Colisão Traseira;2;2;;;;;1
06/09/2018;07:31:00;22;com vítima;174,4;BR-153/SP;Sul;Colisão Transversal;1;1;;1;1;;2
10/09/2018;08:23:00;33;sem vítima;35,4;BR-153/SP;Norte;Colisão Lateral;1;3;;;;;1
13/09/2018;07:47:00;16;com vítima;105,5;BR-153/SP;Norte;Colisão Transversal;1;1;1;;;;1
14/09/2018;13:59:00;61;sem vítima;17;BR-153/SP;Sul;Colisão Lateral;2;2;;;;;1
14/09/2018;14:24:00;67;com vítima;108;BR-153/SP;Sul;Colisão Transversal;1;1;1;;;;1
17/09/2018;19:53:00;96;com vítima;93,3;BR-153/SP;Norte;Colisão Frontal;1;2;;;;1;3
19/09/2018;22:25:00;117;sem vítima;284,9;BR-153/SP;Norte;Colisão Traseira;1;2;;;;;1
21/09/2018;08:38:00;25;sem vítima;71;BR-153/SP;Norte;Colisão Traseira;2;2;;;;;1
25/09/2018;14:12:00;66;sem vítima;108;BR-153/SP;Sul;Colisão Traseira;1;3;;;;;1
28/09/2018;05:47:00;9;com vítima;78,8;BR-153/SP;Sul;Colisão Transversal;1;1;2;;;;1
30/09/2018;12:53:00;58;sem vítima;70;BR-153/SP;Norte;Tombamento;1;1;;;;;1
01/10/2018;01:26:00;2;com vítima;275,4;BR-153/SP;Norte;Tombamento;1;0;;;;1;3
03/10/2018;11:53:00;67;sem vítima;72;BR-153/SP;Norte;Colisão Traseira;1;3;;;;;1
04/10/2018;15:23:00;95;sem vítima;54;BR-153/SP;Sul;Colisão Traseira;2;2;;;;;1
06/10/2018;08:49:00;23;sem vítima;183;BR-153/SP;Sul;Colisão Traseira;1;5;;;;;1
09/10/2018;15:52:00;76;com vítima;182;BR-153/SP;Sul;Colisão Transversal;2;2;1;;;;1
09/10/2018;22:04:00;103;sem vítima;55,3;BR-153/SP;Sul;Tombamento;1;1;;;;;1
14/10/2018;09:05:00;23;sem vítima;83;BR-153/SP;Sul;Colisão Traseira;1;3;;;;;1
15/10/2018;15:21:00;48;com vítima;119,9;BR-153/SP;Norte;Colisão Traseira;1;4;2;;;;1
15/10/2018;16:31:00;57;com vítima;117,4;BR-153/SP;Sul;Colisão Traseira;1;1;1;;;;1
15/10/2018;23:37:00;91;com vítima;208,3;BR-153/SP;Sul;Colisão Traseira;1;1;2;1;;;2
16/10/2018;09:29:00;34;sem vítima;111;BR-153/SP;Norte;Colisão Traseira;3;3;;;;;1
17/10/2018;10:39:00;52;sem vítima;55;BR-153/SP;Norte;Colisão Transversal;1;2;;;;;1
19/10/2018;16:10:00;97;com vítima;120;BR-153/SP;Sul;Colisão Transversal;1;1;2;;;;1
20/10/2018;09:55:00;43;sem vítima;54,05;BR-153/SP;Norte;Colisão Traseira;1;3;;;;;1
21/10/2018;18:44:00;87;sem vítima;108;BR-153/SP;Norte;Colisão Traseira;1;6;;;;;1
21/10/2018;21:20:00;95;sem vítima;64;BR-153/SP;Norte;Colisão Lateral;1;5;;;;;1
22/10/2018;10:45:00;39;sem vítima;165,8;BR-153/SP;Norte;Colisão Lateral;1;5;;;;;1
24/10/2018;13:05:00;57;sem vítima;55;BR-153/SP;Norte;Colisão Traseira;1;2;;;;;1
25/10/2018;06:14:00;9;sem vítima;206;BR-153/SP;Norte;Colisão Lateral;2;2;;;;;1
25/10/2018;17:34:00;97;com vítima;30;BR-153/SP;Sul;Colisão Lateral;1;2;1;;;;1
26/10/2018;14:21:00;55;com vítima;91;BR-153/SP;Norte;Colisão Traseira;1;4;2;;;;1
26/10/2018;18:50:00;88;com vítima;60;BR-153/SP;Norte;Colisão Traseira;1;3;1;;;;1
29/10/2018;02:20:00;5;sem vítima;178,1;BR-153/SP;Norte;Tombamento;1;1;;;;;1
30/10/2018;15:56:00;74;sem vítima;68;BR-153/SP;Sul;Colisão Traseira;2;2;;;;;1
01/11/2018;15:45:00;87;sem vítima;57;BR-153/SP;Norte;Engavetamento;1;5;;;;;1
07/11/2018;13:19:00;48;com vítima;37;BR-153/SP;Sul;Colisão Transversal;1;2;1;;;;1
07/11/2018;13:38:00;49;sem vítima;64,15;BR-153/SP;Norte;Saída de Pista;1;1;;;;;1
08/11/2018;10:34:00;42;com vítima;168;BR-153/SP;Sul;Saída de Pista;1;0;1;;;;1
09/11/2018;19:29:00;98;sem vítima;64;BR-153/SP;Norte;Colisão Traseira;1;2;;;;;1
11/11/2018;22:16:00;79;com vítima;110,2;BR-153/SP;Sul;Colisão Transversal;1;1;;2;;;2