data;horario;n_da_ocorrencia;tipo_de_ocorrencia;km;trecho;sentido;tipo_de_acidente;caminhao;ilesos;levemente_feridos;moderadamente_feridos;gravemente_feridos;mortos;3
19/03/2021;06:47:00;11;Acidente sem VITIMA;279,5;BR-153/SP;Sul;Colisão Lateral;1;3;0;0;0;0;1
19/03/2021;11:38:00;41;Acidente sem VITIMA;25;BR-153/SP;Norte;Tombamento;1;1;0;0;0;0;1
22/03/2021;22:18:00;77;Acidente sem VITIMA;81,5;BR-153/SP;Sul;Atropelamento de Animal;1;1;0;0;0;0;1
25/03/2021;11:00:00;32;Acidente com VITIMA;206,4;BR-153/SP;Sul;Colisão Traseira;2;1;0;3;0;0;2
25/03/2021;11:34:00;37;Acidente sem VITIMA;98,9;BR-153/SP;Norte;Colisão Traseira;1;21;0;0;0;0;1
25/03/2021;14:35:00;51;Acidente sem VITIMA;278;BR-153/SP;Sul;Choque contra Objeto Fixo;2;2;0;0;0;0;1
25/03/2021;16:26:00;65;Acidente com VITIMA;120;BR-153/SP;Sul;Colisão Transversal;2;2;3;1;0;0;2
28/03/2021;20:26:00;59;Acidente com VITIMA FATAL;145,8;BR-153/SP;Norte;Colisão Frontal;1;1;0;0;0;1;3
30/03/2021;16:43:00;53;Acidente sem VITIMA;286;BR-153/SP;Sul;Colisão Lateral;2;23;0;0;0;0;1
31/03/2021;19:04:00;55;Acidente sem VITIMA;268,1;BR-153/SP;Sul;Colisão Lateral;1;3;0;0;0;0;1
01/04/2021;19:22:00;79;Acidente sem VITIMA;176,55;BR-153/SP;Norte;Tombamento;1;1;0;0;0;0;1
02/04/2021;13:08:00;20;Acidente com VITIMA;204,8;BR-153/SP;Sul;Colisão Traseira;1;1;1;0;0;0;1
06/04/2021;17:57:00;62;Acidente sem VITIMA;60,1;BR-153/SP;Sul;Engavetamento;1;5;0;0;0;0;1
07/04/2021;22:28:00;85;Acidente sem VITIMA;258;BR-153/SP;Sul;Atropelamento de Animal;1;1;0;0;0;0;1
09/04/2021;06:08:00;2;Acidente com VITIMA;119;BR-153/SP;Sul;Colisão Transversal;2;1;2;0;0;0;1
15/04/2021;15:46:00;55;Acidente sem VITIMA;2,3;BR-153/SP;Norte;Colisão Transversal;1;5;0;0;0;0;1
16/04/2021;20:59:00;70;Acidente sem VITIMA;43,1;BR-153/SP;Sul;Colisão Lateral;1;1;0;0;0;0;1
18/04/2021;18:42:00;31;Acidente sem VITIMA;51,5;BR-153/SP;Sul;Colisão Lateral;1;2;0;0;0;0;1
19/04/2021;18:04:00;56;Acidente sem VITIMA;44;BR-153/SP;Norte;Tombamento de Moto;1;2;0;0;0;0;1
20/04/2021;17:09:00;52;Acidente sem VITIMA;58,7;BR-153/SP;Norte;Colisão Lateral;2;5;0;0;0;0;1
24/04/2021;21:08:00;74;Acidente sem VITIMA;273;BR-153/SP;Norte;Saída de Pista;1;1;0;0;0;0;1
27/04/2021;20:37:00;56;Acidente sem VITIMA;99;BR-153/SP;Norte;Tombamento;1;1;0;0;0;0;1
29/04/2021;20:10:00;70;Acidente com VITIMA;44,6;BR-153/SP;Sul;Colisão Traseira;1;1;0;1;0;0;2
30/04/2021;14:11:00;35;Acidente sem VITIMA;255;BR-153/SP;Norte;Tombamento;1;1;0;0;0;0;1
03/05/2021;18:16:00;66;Acidente sem VITIMA;61;BR-153/SP;Sul;Colisão Traseira;1;2;0;0;0;0;1
04/05/2021;11:28:00;34;Acidente sem VITIMA;5;BR-153/SP;Norte;Colisão Transversal;1;2;0;0;0;0;1
04/05/2021;15:30:00;56;Acidente sem VITIMA;63;BR-153/SP;Sul;Colisão Traseira;1;2;0;0;0;0;1
08/05/2021;15:50:00;45;Acidente sem VITIMA;284;BR-153/SP;Norte;Engavetamento;2;3;0;0;0;0;1
10/05/2021;18:46:00;71;Acidente sem VITIMA;62;BR-153/SP;Norte;Colisão Traseira;1;4;0;0;0;0;1
16/05/2021;18:40:00;50;Acidente com VITIMA;115;BR-153/SP;Norte;Colisão Lateral;1;1;1;0;0;0;1
19/05/2021;08:03:00;11;Acidente com VITIMA FATAL;307,4;BR-153/SP;Sul;Tombamento;1;0;0;1;0;1;3
23/05/2021;17:02:00;37;Acidente com VITIMA;175;BR-153/SP;Sul;Colisão Frontal;1;1;0;0;1;0;2
24/05/2021;01:44:00;3;Acidente com VITIMA;54;BR-153/SP;Norte;Atropelamento de Animal;1;1;1;0;0;0;1
31/05/2021;17:38:00;46;Acidente sem VITIMA;60;BR-153/SP;Norte;Colisão Lateral;1;8;0;0;0;0;1
02/06/2021;12:31:00;22;Acidente sem VITIMA;113;BR-153/SP;Norte;Colisão Lateral;2;2;0;0;0;0;1
08/06/2021;17:44:00;44;Acidente sem VITIMA;61;BR-153/SP;Norte;Colisão Frontal;1;3;0;0;0;0;1
10/06/2021;16:50:00;43;Acidente sem VITIMA;257,7;BR-153/SP;Norte;Saída de Pista;1;1;0;0;0;0;1
13/06/2021;21:31:00;46;Acidente com VITIMA FATAL;212,2;BR-153/SP;Norte;Colisão Frontal;1;1;0;0;0;1;3
15/06/2021;12:47:00;31;Acidente com VITIMA;31,7;BR-153/SP;Sul;Colisão Transversal;1;4;1;0;0;0;1
15/06/2021;15:40:00;45;Acidente sem VITIMA;35,8;BR-153/SP;Norte;Colisão Traseira;1;5;0;0;0;0;1
18/06/2021;09:43:00;26;Acidente sem VITIMA;64;BR-153/SP;Norte;Engavetamento;1;9;0;0;0;0;1
18/06/2021;19:09:00;67;Acidente sem VITIMA;64,5;BR-153/SP;Norte;Colisão Traseira;1;2;0;0;0;0;1
21/06/2021;17:46:00;54;Acidente sem VITIMA;105,8;BR-153/SP;Norte;Tombamento;1;2;0;0;0;0;1
23/06/2021;07:49:00;14;Acidente sem VITIMA;60;BR-153/SP;Sul;Colisão Lateral;1;1;0;0;0;0;1
24/06/2021;18:47:00;73;Acidente sem VITIMA;65;BR-153/SP;Norte;Colisão Transversal;1;4;0;0;0;0;1
26/06/2021;11:36:00;31;Acidente sem VITIMA;62;BR-153/SP;Sul;Colisão Lateral;1;2;0;0;0;0;1
28/06/2021;07:21:00;9;Acidente com VITIMA;49;BR-153/SP;Norte;Colisão Frontal;1;1;1;0;0;0;1
29/06/2021;10:48:00;22;Acidente sem VITIMA;61,9;BR-153/SP;Sul;Colisão Lateral;1;2;0;0;0;0;1
29/06/2021;15:05:00;42;Acidente sem VITIMA;61;BR-153/SP;Sul;Colisão Lateral;1;3;0;0;0;0;1
04/07/2021;01:41:00;2;Acidente com VITIMA;44,1;BR-153/SP;Norte;Colisão Traseira;1;0;0;1;0;0;2
10/07/2021;14:41:00;51;Acidente sem VITIMA;61;BR-153/SP;Sul;Colisão Traseira;1;5;0;0;0;0;1
11/07/2021;18:49:00;56;Acidente com VITIMA;147;BR-153/SP;Norte;Colisão Lateral;1;1;0;0;2;0;2
13/07/2021;18:41:00;80;Acidente sem VITIMA;60,2;BR-153/SP;Sul;Colisão Traseira;1;4;0;0;0;0;1
14/07/2021;18:35:00;68;Acidente sem VITIMA;61;BR-153/SP;Sul;Colisão Lateral;1;3;0;0;0;0;1
15/07/2021;17:40:00;57;Acidente sem VITIMA;178,05;BR-153/SP;Norte;Colisão Traseira;1;2;0;0;0;0;1
18/07/2021;08:45:00;15;Acidente com VITIMA;332;BR-153/SP;Sul;Colisão Frontal;2;0;0;1;1;0;2
18/07/2021;11:48:00;26;Acidente sem VITIMA;62;BR-153/SP;Sul;Colisão Lateral;1;4;0;0;0;0;1
19/07/2021;21:33:00;68;Acidente sem VITIMA;14,4;BR-153/SP;Norte;Saída de Pista;1;1;0;0;0;0;1
20/07/2021;14:13:00;51;Acidente sem VITIMA;178;BR-153/SP;Norte;Colisão Traseira;1;5;0;0;0;0;1
21/07/2021;11:44:00;40;Acidente sem VITIMA;152;BR-153/SP;Sul;Engavetamento;2;5;0;0;0;0;1
22/07/2021;12:20:00;47;Acidente sem VITIMA;64;BR-153/SP;Norte;Colisão Traseira;1;2;0;0;0;0;1
26/07/2021;07:29:00;12;Acidente sem VITIMA;64;BR-153/SP;Norte;Colisão Lateral;1;2;0;0;0;0;1
28/07/2021;08:18:00;16;Acidente sem VITIMA;75;BR-153/SP;Norte;Colisão Lateral;1;2;0;0;0;0;1
29/07/2021;10:19:00;24;Acidente sem VITIMA;214,2;BR-153/SP;Sul;Colisão Traseira;2;4;0;0;0;0;1
30/07/2021;03:46:00;4;Acidente sem VITIMA;137,2;BR-153/SP;Norte;Tombamento;1;1;0;0;0;0;1
30/07/2021;17:17:00;69;Acidente com VITIMA;172;BR-153/SP;Sul;Colisão Lateral;1;1;1;0;0;0;1
31/07/2021;21:56:00;73;Acidente sem VITIMA;64;BR-153/SP;Norte;Colisão Traseira;1;2;0;0;0;0;1
02/08/2021;08:31:00;11;Acidente sem VITIMA;64;BR-153/SP;Norte;Colisão Lateral;1;2;0;0;0;0;1
04/08/2021;08:09:00;11;Acidente sem VITIMA;64;BR-153/SP;Norte;Colisão Lateral;1;2;0;0;0;0;1
07/08/2021;07:14:00;6;Acidente sem VITIMA;35,05;BR-153/SP;Norte;Tombamento;1;1;0;0;0;0;1
07/08/2021;08:15:00;13;Acidente sem VITIMA;72,9;BR-153/SP;Sul;Engavetamento;1;3;0;0;0;0;1
07/08/2021;17:33:00;46;Acidente sem VITIMA;63,9;BR-153/SP;Norte;Colisão Traseira;1;3;0;0;0;0;1
10/08/2021;15:57:00;45;Acidente com VITIMA;45;BR-153/SP;Sul;Colisão Transversal;1;3;2;0;0;0;1
11/08/2021;21:34:00;77;Acidente com VITIMA;45;BR-153/SP;Norte;Colisão Lateral;1;3;0;1;0;0;2
12/08/2021;06:41:00;4;Acidente sem VITIMA;52;BR-153/SP;Norte;Colisão Lateral;1;2;0;0;0;0;1
12/08/2021;12:13:00;37;Acidente com VITIMA;56;BR-153/SP;Norte;Colisão Traseira;1;2;0;0;1;0;2
12/08/2021;19:50:00;64;Acidente com VITIMA;99,3;BR-153/SP;Norte;Tombamento;1;0;1;0;0;0;1
13/08/2021;10:58:00;33;Acidente com VITIMA;120;BR-153/SP;Sul;Colisão Transversal;1;1;3;0;0;0;1
18/08/2021;19:41:00;85;Acidente sem VITIMA;63,1;BR-153/SP;Norte;Colisão Lateral;1;2;0;0;0;0;1
19/08/2021;18:47:00;99;Acidente com VITIMA;90;BR-153/SP;Norte;Colisão Frontal;1;1;1;0;0;0;1
20/08/2021;02:53:00;3;Acidente com VITIMA FATAL;1,5;BR-153/SP;Norte;Colisão Frontal;1;1;0;0;0;1;3
21/08/2021;10:30:00;29;Acidente sem VITIMA;189,8;BR-153/SP;Norte;Colisão Traseira;2;2;0;0;0;0;1
21/08/2021;21:24:00;88;Acidente sem VITIMA;62;BR-153/SP;Norte;Colisão Lateral;1;3;0;0;0;0;1
25/08/2021;12:52:00;37;Acidente sem VITIMA;195,1;BR-153/SP;Sul;Saída de Pista;1;1;0;0;0;0;1
26/08/2021;23:59:00;99;Acidente sem VITIMA;165;BR-153/SP;Sul;Colisão Lateral;2;4;0;0;0;0;1
28/08/2021;08:15:00;12;Acidente sem VITIMA;65;BR-153/SP;Sul;Colisão Traseira;1;1;0;0;0;0;1
28/08/2021;11:40:00;34;Acidente sem VITIMA;61;BR-153/SP;Norte;Colisão Lateral;1;3;0;0;0;0;1
28/08/2021;11:41:00;35;Acidente com VITIMA;121,9;BR-153/SP;Norte;Colisão Lateral;2;2;0;1;0;0;2
30/08/2021;17:05:00;56;Acidente sem VITIMA;134,05;BR-153/SP;Sul;Capotamento;1;2;0;0;0;0;1
31/08/2021;16:48:00;82;Acidente sem VITIMA;221,6;BR-153/SP;Norte;Colisão Lateral;1;4;0;0;0;0;1
31/08/2021;18:25:00;89;Acidente sem VITIMA;64;BR-153/SP;Norte;Colisão Traseira;1;3;0;0;0;0;1
03/09/2021;13:21:00;32;Acidente sem VITIMA;163;BR-153/SP;Sul;Saída de Pista;1;2;0;0;0;0;1
05/09/2021;19:56:00;58;Acidente sem VITIMA;58;BR-153/SP;Norte;Colisão Lateral;1;5;0;0;0;0;1
13/09/2021;07:56:00;14;Acidente sem VITIMA;64;BR-153/SP;Norte;Colisão Lateral;1;2;0;0;0;0;1
16/09/2021;09:49:00;14;Acidente com VITIMA FATAL;61;BR-153/SP;Sul;Colisão Traseira;1;1;0;0;0;1;3
16/09/2021;22:15:00;61;Acidente sem VITIMA;1,4;BR-153/SP;Sul;Colisão Lateral;1;3;0;0;0;0;1
17/09/2021;15:58:00;40;Acidente sem VITIMA;275,4;BR-153/SP;Sul;Colisão Traseira;1;2;0;0;0;0;1
20/09/2021;07:43:00;10;Acidente sem VITIMA;64;BR-153/SP;Norte;Colisão Traseira;1;2;0;0;0;0;1
20/09/2021;18:26:00;88;Acidente sem VITIMA;63;BR-153/SP;Norte;Colisão Transversal;1;2;0;0;0;0;1
22/09/2021;10:39:00;24;Acidente com VITIMA;30;BR-153/SP;Norte;Colisão Transversal;1;1;1;0;0;0;1
24/09/2021;17:06:00;41;Acidente com VITIMA;64;BR-153/SP;Norte;Colisão Traseira;1;4;1;0;0;0;1
25/09/2021;13:14:00;30;Acidente sem VITIMA;61;BR-153/SP;Norte;Colisão Traseira;1;3;0;0;0;0;1
28/09/2021;23:46:00;83;Acidente sem VITIMA;98,9;BR-153/SP;Norte;Colisão Traseira;1;5;0;0;0;0;1
29/09/2021;00:31:00;1;Acidente com VITIMA;44;BR-153/SP;Norte;Colisão Frontal;1;1;1;1;2;0;2
30/09/2021;11:44:00;50;Acidente sem VITIMA;93,4;BR-153/SP;Sul;Engavetamento;2;3;0;0;0;0;1
30/09/2021;17:49:00;92;Acidente sem VITIMA;63;BR-153/SP;Norte;Colisão Lateral;1;2;0;0;0;0;1
01/10/2021;10:03:00;31;Acidente com VITIMA;64.000;BR-153/SP;Sul;Colisão Lateral;1;2;1;0;0;0;1
07/10/2021;06:28:00;12;Acidente sem VITIMA;268.100;BR-153/SP;Norte;Colisão Frontal;2;3;0;0;0;0;1
08/10/2021;07:13:00;12;Acidente sem VITIMA;61.900;BR-153/SP;Sul;Colisão Traseira;1;3;0;0;0;0;1
09/10/2021;08:31:00;9;Acidente com VITIMA;274.000;BR-153/SP;Norte;Tombamento;1;0;0;1;0;0;2
10/10/2021;03:57:00;7;Acidente com VITIMA;103.700;BR-153/SP;Sul;Colisão Frontal;1;1;0;1;0;0;2
12/10/2021;14:12:00;24;Acidente sem VITIMA;99.000;BR-153/SP;Norte;Colisão Lateral;1;5;0;0;0;0;1
13/10/2021;08:21:00;16;Acidente sem VITIMA;59.000;BR-153/SP;Norte;Colisão Lateral;1;4;0;0;0;0;1
14/10/2021;10:14:00;26;Acidente sem VITIMA;109.000;BR-153/SP;Norte;Queda de carga sobre a pista;1;8;0;0;0;0;1
16/10/2021;09:06:00;24;Acidente sem VITIMA;61.500;BR-153/SP;Sul;Engavetamento;1;5;0;0;0;0;1
18/10/2021;09:44:00;28;Acidente sem VITIMA;149.100;BR-153/SP;Sul;Colisão Traseira;2;3;0;0;0;0;1
19/10/2021;09:22:00;14;Acidente sem VITIMA;65.000;BR-153/SP;Norte;Colisão Lateral;2;4;0;0;0;0;1
20/10/2021;18:31:00;54;Acidente sem VITIMA;69.700;BR-153/SP;Norte;Colisão Lateral;1;2;0;0;0;0;1
21/10/2021;15:02:00;43;Acidente sem VITIMA;85.200;BR-153/SP;Norte;Colisão Lateral;1;2;0;0;0;0;1
22/10/2021;16:07:00;57;Acidente sem VITIMA;63.700;BR-153/SP;Norte;Colisão Traseira;1;3;0;0;0;0;1
22/10/2021;16:20:00;59;Acidente sem VITIMA;63.700;BR-153/SP;Norte;Colisão Transversal;1;3;0;0;0;0;1
22/10/2021;16:27:00;60;Acidente sem VITIMA;63.700;BR-153/SP;Norte;Colisão Transversal;1;2;0;0;0;0;1
22/10/2021;16:42:00;61;Acidente sem VITIMA;63.700;BR-153/SP;Norte;Colisão Transversal;1;2;0;0;0;0;1
22/10/2021;17:35:00;65;Acidente sem VITIMA;61.500;BR-153/SP;Norte;Colisão Traseira;1;3;0;0;0;0;1
23/10/2021;09:04:00;19;Acidente sem VITIMA;64.000;BR-153/SP;Norte;Colisão Lateral;1;4;0;0;0;0;1
24/10/2021;17:18:00;109;Acidente com VITIMA;79.700;BR-153/SP;Norte;Saída de Pista;2;3;0;1;0;0;2
25/10/2021;04:34:00;3;Acidente sem VITIMA;71.500;BR-153/SP;Norte;Colisão Lateral;2;3;0;0;0;0;1
26/10/2021;18:35:00;82;Acidente sem VITIMA;42.800;BR-153/SP;Sul;Colisão Frontal;1;6;0;0;0;0;1
27/10/2021;10:06:00;32;Acidente com VITIMA;174.400;BR-153/SP;Sul;Colisão Transversal;2;2;1;0;0;0;1
27/10/2021;15:54:00;70;Acidente sem VITIMA;184.050;BR-153/SP;Sul;Choque contra Objeto Fixo;1;1;0;0;0;0;1
27/10/2021;16:27:00;73;Acidente com VITIMA;64.000;BR-153/SP;Sul;Saída de Pista;1;1;1;0;0;0;1
27/10/2021;17:30:00;79;Acidente sem VITIMA;64.150;BR-153/SP;Norte;Colisão Traseira;1;2;0;0;0;0;1
29/10/2021;17:00:00;51;Acidente sem VITIMA;59.200;BR-153/SP;Norte;Colisão Lateral;1;3;0;0;0;0;1
03/11/2021;11:09:00;27;Com vítima;78,000;BR-153/SP;Decrescente;Engavetamento;1;0;1;0;0;0;1
04/11/2021;08:50:00;21;Sem vítima;52,000;BR-153/SP;Decrescente;Acidentes de outra natureza;1;0;0;0;0;0;1
08/11/2021;12:00:00;44;Com vítima;29,200;BR-153/SP;Crescente;Acidentes de outra natureza;1;0;1;0;0;0;1
18/11/2021;21:36:00;56;Sem vítima;176,200;BR-153/SP;Decrescente;Acidentes de outra natureza;1;0;0;0;0;0;1
18/12/2021;05:22:00;5;Sem vítima;308,500;BR-153/SP;Decrescente;Acidentes de outra natureza;1;0;0;0;0;0;1
13/01/2022;09:44:00;20;Sem vítima;17,500;BR-153/SP;Crescente;Colisão traseira;2;2;0;0;0;0;1
13/01/2022;16:16:00;53;Sem vítima;61,400;BR-153/SP;Crescente;Colisão traseira;2;2;0;0;0;0;1
15/01/2022;10:25:00;21;Sem vítima;24,000;BR-153/SP;Decrescente;Colisão transversal;1;3;0;0;0;0;1
27/01/2022;00:05:00;1;Sem vítima;15,000;BR-153/SP;Decrescente;Colisão frontal;1;2;0;0;0;0;1
28/01/2022;13:20:00;51;Com vítima;58,800;BR-153/SP;Decrescente;Colisão traseira;1;0;1;1;0;0;2
28/01/2022;14:51:00;55;Sem vítima;199,800;BR-153/SP;Crescente;Saída de pista;1;1;0;0;0;0;1
10/02/2022;19:18:00;54;Com vítima;31,000;BR-153/SP;Crescente;Colisão transversal;1;0;3;0;1;2;3
25/02/2022;15:36:00;40;Com vítima;59,000;BR-153/SP;Crescente;Colisão traseira;1;0;1;0;0;0;1
22/03/2022;05:21:00;2;Sem vítima;258,500;BR-153/SP;Decrescente;Acidentes de outra natureza;1;0;0;0;0;0;1
22/03/2022;09:19:00;14;Sem vítima;106,000;BR-153/SP;Crescente;Acidentes de outra natureza;1;0;0;0;0;0;1
24/03/2022;17:59:00;44;Sem vítima;209,100;BR-153/SP;Crescente;Acidentes de outra natureza;1;0;0;0;0;0;1
28/03/2022;08:55:00;17;Sem vítima;62,000;BR-153/SP;Crescente;Choque;1;1;0;0;0;0;1
28/03/2022;11:01:00;34;Sem vítima;61,000;BR-153/SP;Crescente;Acidentes de outra natureza;1;0;0;0;0;0;1
02/04/2022;03:05:00;2;Sem vítima;322,700;BR-153/SP;Decrescente;Acidentes de outra natureza;1;0;0;0;0;0;1
06/04/2022;03:22:00;4;Sem vítima;56,000;BR-153/SP;Decrescente;Acidentes de outra natureza;1;0;0;0;0;0;1
09/04/2022;11:55:00;28;Sem vítima;60,000;BR-153/SP;Decrescente;Acidentes de outra natureza;1;0;0;0;0;0;1
28/04/2022;16:50:00;85;Com vítima;280,000;BR-153/SP;Crescente;Tombamento;1;0;1;0;0;0;1
12/05/2022;05:34:00;3;Sem vítima;87,000;BR-153/SP;Decrescente;Acidentes de outra natureza;1;0;0;0;0;0;1
25/05/2022;13:47:00;33;Com vítima;113,200;BR-153/SP;Decrescente;Acidentes de outra natureza;1;0;1;0;0;0;1
01/06/2022;17:45:00;54;Sem vítima;35,800;BR-153/SP;Crescente;Acidentes de outra natureza;1;0;0;0;0;0;1
07/06/2022;14:38:00;47;Sem vítima;22,500;BR-153/SP;Crescente;Acidentes de outra natureza;1;0;0;0;0;0;1
16/06/2022;03:45:00;5;Sem vítima;76,800;BR-153/SP;Crescente;Saída de pista;1;1;0;0;0;0;1
02/07/2022;11:41:00;24;Com vítima;57,000;BR-153/SP;Decrescente;Acidentes de outra natureza;1;0;1;0;0;0;1
13/07/2022;08:15:00;17;Com vítima;106,500;BR-153/SP;Crescente;Colisão frontal;1;0;1;0;0;0;1
14/07/2022;17:27:00;54;Sem vítima;184,000;BR-153/SP;Decrescente;Acidentes de outra natureza;1;1;0;0;0;0;1
28/07/2022;07:48:00;9;Sem vítima;161,300;BR-153/SP;Decrescente;Acidentes de outra natureza;1;0;0;0;0;0;1
01/08/2022;19:53:00;55;Sem vítima;215,200;BR-153/SP;Decrescente;Colisão transversal;1;1;0;0;0;0;1
04/08/2022;09:45:00;24;Sem vítima;61,800;BR-153/SP;Crescente;Colisão traseira;1;7;0;0;0;0;1
05/08/2022;03:24:00;2;Sem vítima;344,000;BR-153/SP;Decrescente;Saída de pista;1;1;0;0;0;0;1
16/08/2022;13:53:00;48;Sem vítima;62,400;BR-153/SP;Crescente;Engavetamento;1;5;0;0;0;0;1
17/08/2022;17:23:00;64;Sem vítima;58,400;BR-153/SP;Decrescente;Acidentes de outra natureza;1;0;0;0;0;0;1
20/08/2022;12:50:00;39;Sem vítima;174,000;BR-153/SP;Decrescente;Colisão lateral no mesmo sentido;1;0;0;0;0;0;1
24/08/2022;18:14:00;67;Sem vítima;62,000;BR-153/SP;Crescente;Acidentes de outra natureza;1;0;0;0;0;0;1
26/08/2022;18:45:00;83;Sem vítima;292,000;BR-153/SP;Crescente;Acidentes de outra natureza;1;0;0;0;0;0;1
02/09/2022;06:14:00;7;Sem vítima;83,000;BR-153/SP;Crescente;Acidentes de outra natureza;1;0;0;0;0;0;1
20/09/2022;18:25:00;78;Sem vítima;85,000;BR-153/SP;Decrescente;Acidentes de outra natureza;1;0;0;0;0;0;1
29/09/2022;17:25:00;95;Sem vítima;205,000;BR-153/SP;Crescente;Acidentes de outra natureza;1;0;0;0;0;0;1
17/10/2022;16:37:00;74;Sem vítima;82,500;BR-153/SP;Decrescente;Colisão traseira;1;0;0;0;0;0;1
02/12/2022;04:54:00;5;Sem vítima;85,200;BR-153/SP;Decrescente;Saída de pista;1;0;0;0;0;0;1
05/12/2022;09:54:00;24;Com vítima;264,000;BR-153/SP;Decrescente;Colisão frontal;1;1;0;0;0;0;1
06/12/2022;09:30:00;32;Sem vítima;333,200;BR-153/SP;Crescente;Saída de pista;1;0;0;0;0;0;1
11/12/2022;07:42:00;12;Sem vítima;80,700;BR-153/SP;Crescente;Saída de pista;1;0;0;0;0;0;1
13/12/2022;11:22:00;33;Sem vítima;35,800;BR-153/SP;Decrescente;Colisão traseira;1;0;0;0;0;0;1
29/12/2022;16:58:00;66;Sem vítima;113,100;BR-153/SP;Crescente;Colisão lateral no mesmo sentido;1;0;0;0;0;0;1
21/01/2023;10:08:00;34;Sem vítima;39,000;BR-153/SP;Crescente;Choque;1;0;0;0;0;0;1
22/01/2023;17:07:00;55;Sem vítima;183,800;BR-153/SP;Decrescente;Colisão traseira;1;0;0;0;0;0;1
23/01/2023;11:17:00;34;Sem vítima;12,700;BR-153/SP;Decrescente;Colisão traseira;1;0;0;0;0;0;1
31/01/2023;10:10:00;35;Com vítima;32,000;BR-153/SP;Crescente;Colisão frontal;1;2;0;0;0;0;1
02/03/2023;04:02:00;5;Com vítima;264,000;BR-153/SP;Crescente;Saída de pista;1;0;0;1;0;0;2
22/03/2023;08:34:00;20;Sem vítima;61,800;BR-153/SP;Crescente;Colisão lateral no mesmo sentido;1;0;0;0;0;0;1
27/03/2023;09:20:00;24;Com vítima;62,000;BR-153/SP;Crescente;Colisão traseira;1;1;0;0;0;0;1
03/04/2023;14:03:00;48;Sem vítima;64,200;BR-153/SP;Decrescente;Saída de pista;1;0;0;0;0;0;1
06/04/2023;10:38:00;36;Sem vítima;61,000;BR-153/SP;Crescente;Colisão traseira;1;0;0;0;0;0;1
06/04/2023;13:51:00;57;Com vítima;264,000;BR-153/SP;Crescente;Tombamento;1;0;1;0;0;0;1
06/04/2023;14:44:00;63;Com vítima;62,000;BR-153/SP;Crescente;Tombamento;1;0;1;0;0;0;1
11/04/2023;14:26:00;56;Sem vítima;224,500;BR-153/SP;Crescente;Saída de pista;1;0;0;0;0;0;1
17/04/2023;21:02:00;98;Sem vítima;84,800;BR-153/SP;Decrescente;Tombamento;1;0;0;0;0;0;1
19/04/2023;02:38:00;6;Sem vítima;168,000;BR-153/SP;Decrescente;Saída de pista;1;0;0;0;0;0;1
03/05/2023;18:59:00;59;Com vítima;190,000;BR-153/SP;Decrescente;Saída de pista;1;0;1;0;0;0;1
12/05/2023;11:13:00;28;Sem vítima;108,000;BR-153/SP;Decrescente;Acidentes de outra natureza;1;0;0;0;0;0;1
13/05/2023;21:49:00;77;Sem vítima;27,200;BR-153/SP;Decrescente;Acidentes de outra natureza;1;0;0;0;0;0;1
16/05/2023;23:49:00;79;Sem vítima;145,000;BR-153/SP;Crescente;Acidentes de outra natureza;1;0;0;0;0;0;1
17/05/2023;00:15:00;2;Sem vítima;151,000;BR-153/SP;Crescente;Acidentes de outra natureza;1;0;0;0;0;0;1
01/06/2023;06:51:00;11;Sem vítima;93,700;BR-153/SP;Decrescente;Acidentes de outra natureza;1;0;0;0;0;0;1
13/06/2023;12:57:00;26;Sem vítima;319,000;BR-153/SP;Decrescente;Acidentes de outra natureza;1;0;0;0;0;0;1
21/06/2023;11:30:00;28;Sem vítima;42,000;BR-153/SP;Crescente;Acidentes de outra natureza;1;0;0;0;0;0;1
28/06/2023;08:55:00;14;Sem vítima;99,000;BR-153/SP;Decrescente;Acidentes de outra natureza;1;0;0;0;0;0;1
05/07/2023;07:45:00;11;Sem vítima;263,000;BR-153/SP;Decrescente;Acidentes de outra natureza;1;0;0;0;0;0;1
25/07/2023;13:44:00;44;Sem vítima;35,800;BR-153/SP;Crescente;Acidentes de outra natureza;1;0;0;0;0;0;1
27/07/2023;21:15:00;77;Sem vítima;126,000;BR-153/SP;Crescente;Acidentes de outra natureza;1;0;0;0;0;0;1
09/08/2023;23:46:00;94;Sem vítima;19,000;BR-153/SP;Crescente;Acidentes de outra natureza;1;0;0;0;0;0;1
30/08/2023;07:49:00;9;Sem vítima;266,000;BR-153/SP;Crescente;Acidentes de outra natureza;1;0;0;0;0;0;1
10/09/2023;06:13:00;11;Sem vítima;96,100;BR-153/SP;Crescente;Acidentes de outra natureza;1;0;0;0;0;0;1
21/09/2023;10:55:00;27;Sem vítima;256,000;BR-153/SP;Decrescente;Acidentes de outra natureza;1;0;0;0;0;0;1